Time (UTC),Latitude (deg),Longitude (deg), X (nT), Y (nT), Z (nT), Tempature (Â°F)
2022-01-31 16:42:54,70.230721,-148.381851,-7186.15,-8070.20,-48713.04,999.00
2022-01-31 16:44:04,70.230721,-148.381851,-10801.85,-6833.67,-40508.62,999.00
2022-01-31 16:45:14,70.230721,-148.381851,-8196.17,-4647.79,-49986.44,999.00
2022-01-31 16:46:24,70.230721,-148.381851,-8349.24,-4576.22,-49972.14,999.00
2022-01-31 16:47:34,70.230721,-148.381851,-8233.11,-4607.56,-49946.34,999.00
2022-01-31 16:48:44,70.230721,-148.381851,-8343.88,-4521.77,-50120.03,999.00
2022-01-31 16:49:54,70.230721,-148.381851,-8345.78,-4666.43,-50178.38,999.00
2022-01-31 16:51:04,70.230721,-148.381851,-8227.26,-4642.25,-50323.54,999.00
2022-01-31 16:52:14,70.230721,-148.381851,-8144.38,-4630.61,-50219.57,999.00
2022-01-31 16:53:24,70.230721,-148.381851,-8111.11,-4496.99,-50349.45,999.00
2022-01-31 16:54:34,70.230721,-148.381851,-8146.65,-4488.49,-50574.00,999.00
2022-01-31 16:55:44,70.230721,-148.381851,-8113.26,-4552.22,-50425.66,999.00
2022-01-31 16:56:54,70.230721,-148.381851,-8162.70,-4530.75,-50536.32,999.00
2022-01-31 16:58:04,70.230721,-148.381851,-8333.55,-4590.59,-50540.12,999.00
2022-01-31 16:59:14,70.230721,-148.381851,-8166.77,-4534.47,-50440.28,999.00
2022-01-31 17:00:24,70.230721,-148.381851,-8029.74,-4506.99,-50415.96,999.00
2022-01-31 17:01:34,70.230721,-148.381851,-8194.11,-4482.92,-50530.86,999.00
2022-01-31 17:02:44,70.230721,-148.381851,-8296.69,-4510.12,-50315.66,999.00
2022-01-31 17:03:54,70.230721,-148.381851,-8314.97,-4372.77,-50500.66,999.00
2022-01-31 17:05:04,70.230721,-148.381851,-8157.59,-4297.99,-50679.73,999.00
2022-01-31 17:06:14,70.230721,-148.381851,-8127.37,-4372.80,-50685.30,999.00
2022-01-31 17:07:24,70.230721,-148.381851,-8065.31,-4375.55,-50531.15,999.00
2022-01-31 17:08:34,70.230721,-148.381851,-8189.01,-4308.57,-50649.21,999.00
2022-01-31 17:09:44,70.230721,-148.381851,-8226.24,-4269.14,-50830.70,999.00
2022-01-31 17:10:54,70.230721,-148.381851,-8233.15,-4410.83,-50731.36,999.00
2022-01-31 17:12:04,70.230721,-148.381851,-7883.99,-4413.11,-50924.11,999.00
2022-01-31 17:13:14,70.230721,-148.381851,-8081.99,-4363.76,-50859.82,999.00
2022-01-31 17:14:24,70.230721,-148.381851,-8146.08,-4521.68,-50650.73,999.00
2022-01-31 17:15:34,70.230721,-148.381851,-8242.86,-4464.19,-50695.48,999.00
2022-01-31 17:16:44,70.230721,-148.381851,-8257.42,-4490.56,-50751.19,999.00
2022-01-31 17:17:54,70.230721,-148.381851,-8339.22,-4423.16,-50734.42,999.00
2022-01-31 17:19:04,70.230721,-148.381851,-8277.36,-4337.79,-50758.22,999.00
2022-01-31 17:20:14,70.230721,-148.381851,-8188.23,-4318.10,-50699.30,999.00
2022-01-31 17:21:24,70.230721,-148.381851,-8190.95,-4364.91,-50603.82,999.00
2022-01-31 17:22:34,70.230721,-148.381851,-8177.14,-4555.18,-50697.38,999.00
2022-01-31 17:23:44,70.230721,-148.381851,-8254.92,-4544.56,-50466.86,999.00
2022-01-31 17:24:54,70.230721,-148.381851,-8203.85,-4489.26,-50581.28,999.00
2022-01-31 17:26:04,70.230721,-148.381851,-8278.89,-4546.83,-50777.69,999.00
2022-01-31 17:27:14,70.230721,-148.381851,-8329.00,-4510.14,-50881.70,999.00
2022-01-31 17:28:24,70.230721,-148.381851,-8328.31,-4489.49,-50796.99,999.00
2022-01-31 17:29:34,70.230721,-148.381851,-8500.88,-4531.50,-50912.79,999.00
2022-01-31 17:30:44,70.230721,-148.381851,-8430.51,-4360.09,-50810.85,999.00
2022-01-31 17:31:54,70.230721,-148.381851,-8342.63,-4456.54,-50694.67,999.00
2022-01-31 17:33:04,70.230721,-148.381851,-8354.67,-4487.43,-50759.06,999.00
2022-01-31 17:34:14,70.230721,-148.381851,-8250.70,-4644.45,-50630.68,999.00
2022-01-31 17:35:24,70.230721,-148.381851,-8197.23,-4472.60,-50613.61,999.00
2022-01-31 17:36:34,70.230721,-148.381851,-8290.91,-4539.45,-50471.22,999.00
2022-01-31 17:37:44,70.230721,-148.381851,-8406.25,-4512.62,-50503.41,999.00
2022-01-31 17:38:54,70.230721,-148.381851,-8305.40,-4455.22,-50472.71,999.00
2022-01-31 17:40:04,70.230721,-148.381851,-8172.71,-4315.89,-50612.83,999.00
2022-01-31 17:41:14,70.230721,-148.381851,-8085.20,-4429.33,-50643.09,999.00
2022-01-31 17:42:24,70.230721,-148.381851,-8011.99,-4339.99,-50591.99,999.00
2022-01-31 17:43:34,70.230721,-148.381851,-8158.95,-4322.55,-50598.92,999.00
2022-01-31 17:44:44,70.230721,-148.381851,-8248.93,-4437.68,-50694.72,999.00
2022-01-31 17:45:54,70.230721,-148.381851,-8227.96,-4485.67,-50774.59,999.00
2022-01-31 17:47:04,70.230721,-148.381851,-8343.37,-4497.85,-50800.41,999.00
2022-01-31 17:48:14,70.230721,-148.381851,-8396.57,-4478.62,-50766.61,999.00
2022-01-31 17:49:24,70.230721,-148.381851,-8433.43,-4515.32,-50743.25,999.00
2022-01-31 17:50:34,70.230721,-148.381851,-8228.25,-4489.90,-50633.55,999.00
2022-01-31 17:51:44,70.230721,-148.381851,-8163.22,-4476.56,-50543.29,999.00
2022-01-31 17:52:54,70.230721,-148.381851,-8068.43,-4416.27,-50628.57,999.00
2022-01-31 17:54:04,70.230721,-148.381851,-8220.60,-4523.11,-50656.42,999.00
2022-01-31 17:55:14,70.230721,-148.381851,-8182.15,-4538.60,-50479.12,999.00
2022-01-31 17:56:24,70.230721,-148.381851,-8225.49,-4464.15,-50545.32,999.00
2022-01-31 17:57:34,70.230721,-148.381851,-8155.40,-4597.76,-50587.47,999.00
2022-01-31 17:58:44,70.230721,-148.381851,-8265.45,-4517.41,-50321.43,999.00
2022-01-31 17:59:54,70.230721,-148.381851,-8291.81,-4574.33,-50292.97,999.00
2022-01-31 18:01:04,70.230721,-148.381851,-8238.90,-4617.70,-50388.95,999.00
2022-01-31 18:02:14,70.230721,-148.381851,-8398.95,-4686.08,-50454.14,999.00
2022-01-31 18:03:24,70.230721,-148.381851,-8222.78,-4643.02,-50506.33,999.00
2022-01-31 18:04:34,70.230721,-148.381851,-8344.48,-4557.14,-50504.71,999.00
2022-01-31 18:05:44,70.230721,-148.381851,-8556.80,-4451.47,-50565.47,999.00
2022-01-31 18:06:54,70.230721,-148.381851,-8557.16,-4500.59,-50805.18,999.00
2022-01-31 18:08:04,70.230721,-148.381851,-8486.98,-4489.58,-51014.16,999.00
2022-01-31 18:09:14,70.230721,-148.381851,-8340.88,-4586.33,-51028.89,999.00
2022-01-31 18:10:24,70.230721,-148.381851,-8457.69,-4516.42,-50814.22,999.00
2022-01-31 18:11:34,70.230721,-148.381851,-8302.71,-4576.81,-50804.08,999.00
2022-01-31 18:12:44,70.230721,-148.381851,-8366.35,-4602.12,-50949.75,999.00
2022-01-31 18:13:54,70.230721,-148.381851,-8343.07,-4654.85,-50850.74,999.00
2022-01-31 18:15:04,70.230721,-148.381851,-8299.14,-4670.29,-50804.56,999.00
2022-01-31 18:16:14,70.230721,-148.381851,-8311.30,-4541.91,-50722.92,999.00
2022-01-31 18:17:24,70.230721,-148.381851,-8370.30,-4347.04,-50621.78,999.00
2022-01-31 18:18:34,70.230721,-148.381851,-8491.23,-4406.70,-50520.75,999.00
2022-01-31 18:19:44,70.230721,-148.381851,-8380.90,-4281.27,-50450.01,999.00
2022-01-31 18:20:54,70.230721,-148.381851,-8339.41,-4372.54,-50608.43,999.00
2022-01-31 18:22:04,70.230721,-148.381851,-8361.91,-4319.10,-50627.38,999.00
2022-01-31 18:23:14,70.230721,-148.381851,-8441.10,-4505.35,-50702.09,999.00
2022-01-31 18:24:24,70.230721,-148.381851,-8269.46,-4399.20,-50582.06,999.00
2022-01-31 18:25:34,70.230721,-148.381851,-8362.62,-4454.97,-50639.77,999.00
2022-01-31 18:26:44,70.230721,-148.381851,-8269.06,-4588.96,-50615.17,999.00
2022-01-31 18:27:54,70.230721,-148.381851,-8188.47,-4491.92,-50790.94,999.00
2022-01-31 18:29:04,70.230721,-148.381851,-8278.08,-4390.01,-50785.28,999.00
2022-01-31 18:30:14,70.230721,-148.381851,-8136.16,-4497.55,-50292.76,999.00
2022-01-31 18:31:24,70.230721,-148.381851,-8169.52,-4476.57,-50400.11,999.00
2022-01-31 18:32:34,70.230721,-148.381851,-8199.86,-4533.58,-50480.44,999.00
2022-01-31 18:33:44,70.230721,-148.381851,-8229.64,-4560.65,-50326.03,999.00
2022-01-31 18:34:54,70.230721,-148.381851,-8140.15,-4427.22,-50174.42,999.00
2022-01-31 18:36:04,70.230721,-148.381851,-8123.30,-4449.04,-50483.57,999.00
2022-01-31 18:37:14,70.230721,-148.381851,-8168.46,-4510.97,-50685.34,999.00
2022-01-31 18:38:24,70.230721,-148.381851,-8055.19,-4564.40,-50426.88,999.00
2022-01-31 18:39:34,70.230721,-148.381851,-8216.73,-4478.02,-50568.55,999.00
2022-01-31 18:40:44,70.230721,-148.381851,-8194.21,-4479.60,-50339.02,999.00
2022-01-31 18:41:54,70.230721,-148.381851,-8154.32,-4348.97,-50486.66,999.00
2022-01-31 18:43:04,70.230721,-148.381851,-8275.39,-4431.66,-50466.08,999.00
2022-01-31 18:44:14,70.230721,-148.381851,-8171.90,-4278.91,-50400.75,999.00
2022-01-31 18:45:24,70.230721,-148.381851,-8245.65,-4380.09,-50603.94,999.00
2022-01-31 18:46:34,70.230721,-148.381851,-8171.84,-4366.22,-50423.38,999.00
2022-01-31 18:47:44,70.230721,-148.381851,-8224.98,-4403.70,-50411.28,999.00
2022-01-31 18:48:54,70.230721,-148.381851,-8166.37,-4425.99,-50328.10,999.00
2022-01-31 18:50:04,70.230721,-148.381851,-8139.65,-4446.48,-50251.17,999.00
2022-01-31 18:51:14,70.230721,-148.381851,-8236.87,-4343.22,-50094.97,999.00
2022-01-31 18:52:24,70.230721,-148.381851,-8248.42,-4319.88,-50290.43,999.00
2022-01-31 18:53:34,70.230721,-148.381851,-8553.01,-4260.67,-50102.29,999.00
2022-01-31 18:54:44,70.230721,-148.381851,-8423.07,-4331.04,-50491.22,999.00
2022-01-31 18:55:54,70.230721,-148.381851,-8568.82,-4532.13,-50592.23,999.00
2022-01-31 18:57:04,70.230721,-148.381851,-8747.23,-4405.48,-50733.31,999.00
2022-01-31 18:58:14,70.230721,-148.381851,-8720.00,-4340.65,-50656.66,999.00
2022-01-31 18:59:24,70.230721,-148.381851,-8500.01,-4312.18,-50594.89,999.00
2022-01-31 19:00:34,70.230721,-148.381851,-8449.76,-4372.32,-50564.91,999.00
2022-01-31 19:01:44,70.230721,-148.381851,-8352.77,-4326.35,-50454.06,999.00
2022-01-31 19:02:54,70.230721,-148.381851,-8485.14,-4296.48,-50691.78,999.00
2022-01-31 19:04:04,70.230721,-148.381851,-8446.90,-4389.34,-50451.44,999.00
2022-01-31 19:05:14,70.230721,-148.381851,-8531.38,-4396.17,-50341.73,999.00
2022-01-31 19:06:24,70.230721,-148.381851,-8624.06,-4295.10,-50684.62,999.00
2022-01-31 19:07:34,70.230721,-148.381851,-8618.14,-4254.59,-50597.62,999.00
2022-01-31 19:08:44,70.230721,-148.381851,-8610.88,-4272.25,-50663.43,999.00
2022-01-31 19:09:54,70.230721,-148.381851,-8567.85,-4226.74,-50622.71,999.00
2022-01-31 19:11:04,70.230721,-148.381851,-8445.87,-4095.04,-50525.02,999.00
2022-01-31 19:12:14,70.230721,-148.381851,-8544.93,-4208.74,-50545.17,999.00
2022-01-31 19:13:24,70.230721,-148.381851,-8528.88,-4251.71,-50664.07,999.00
2022-01-31 19:14:34,70.230721,-148.381851,-8364.31,-4188.53,-50598.77,999.00
2022-01-31 19:15:44,70.230721,-148.381851,-8420.92,-4156.88,-50605.67,999.00
2022-01-31 19:16:54,70.230721,-148.381851,-8456.25,-4010.39,-50479.96,999.00
2022-01-31 19:18:04,70.230721,-148.381851,-8520.89,-4170.68,-50681.11,999.00
2022-01-31 19:19:14,70.230721,-148.381851,-8458.33,-4255.72,-50307.69,999.00
2022-01-31 19:20:24,70.230721,-148.381851,-8450.64,-4172.49,-50462.19,999.00
2022-01-31 19:21:34,70.230721,-148.381851,-8450.30,-4236.32,-50428.12,999.00
2022-01-31 19:22:44,70.230721,-148.381851,-8572.26,-4176.60,-50598.62,999.00
2022-01-31 19:23:54,70.230721,-148.381851,-8525.18,-3979.51,-50232.22,999.00
2022-01-31 19:25:04,70.230721,-148.381851,-8572.51,-3818.33,-50208.14,999.00
2022-01-31 19:26:14,70.230721,-148.381851,-8570.62,-3867.16,-50221.29,999.00
2022-01-31 19:27:24,70.230721,-148.381851,-8504.20,-3944.13,-50225.52,999.00
2022-01-31 19:28:34,70.230721,-148.381851,-8585.20,-4220.57,-50578.78,999.00
2022-01-31 19:29:44,70.230721,-148.381851,-8559.61,-3805.15,-49782.74,999.00
2022-01-31 19:30:54,70.230721,-148.381851,-8770.40,-3877.01,-50004.63,999.00
2022-01-31 19:32:04,70.230721,-148.381851,-8709.85,-4227.70,-50737.44,999.00
2022-01-31 19:33:14,70.230721,-148.381851,-8468.75,-4256.17,-50771.72,999.00
2022-01-31 19:34:24,70.230721,-148.381851,-8478.94,-4157.08,-50800.80,999.00
2022-01-31 19:35:34,70.230721,-148.381851,-8477.68,-4147.62,-50799.92,999.00
2022-01-31 19:36:44,70.230721,-148.381851,-8593.79,-4147.56,-50968.08,999.00
2022-01-31 19:37:54,70.230721,-148.381851,-8647.76,-4187.74,-50763.92,999.00
2022-01-31 19:39:04,70.230721,-148.381851,-8521.59,-4184.61,-50659.48,999.00
2022-01-31 19:40:14,70.230721,-148.381851,-8570.00,-4208.30,-50479.36,999.00
2022-01-31 19:41:24,70.230721,-148.381851,-8478.74,-4120.90,-50483.19,999.00
2022-01-31 19:42:34,70.230721,-148.381851,-8472.14,-4212.81,-51029.39,999.00
2022-01-31 19:43:44,70.230721,-148.381851,-8399.92,-4159.16,-50701.10,999.00
2022-01-31 19:44:54,70.230721,-148.381851,-8480.03,-4235.35,-50701.36,999.00
2022-01-31 19:46:04,70.230721,-148.381851,-8569.32,-4320.54,-50936.94,999.00
2022-01-31 19:47:14,70.230721,-148.381851,-8566.70,-4276.31,-50782.56,999.00
2022-01-31 19:48:24,70.230721,-148.381851,-8599.36,-4355.53,-50701.03,999.00
2022-01-31 19:49:34,70.230721,-148.381851,-8607.39,-4300.88,-50465.52,999.00
2022-01-31 19:50:44,70.230721,-148.381851,-8608.44,-4203.57,-50557.03,999.00
2022-01-31 19:51:54,70.230721,-148.381851,-8323.27,-4164.62,-50578.01,999.00
2022-01-31 19:53:04,70.230721,-148.381851,-8246.71,-4298.22,-50398.26,999.00
2022-01-31 19:54:14,70.230721,-148.381851,-8274.56,-4176.85,-50550.00,999.00
2022-01-31 19:55:24,70.230721,-148.381851,-8240.20,-4152.68,-50386.89,999.00
2022-01-31 19:56:34,70.230721,-148.381851,-8052.32,-4213.44,-50594.72,999.00
2022-01-31 19:57:44,70.230721,-148.381851,-8357.00,-4200.69,-50642.80,999.00
2022-01-31 19:58:54,70.230721,-148.381851,-8530.23,-4265.21,-50728.00,999.00
2022-01-31 20:00:04,70.230721,-148.381851,-8486.90,-4313.98,-50820.27,999.00
2022-01-31 20:01:14,70.230721,-148.381851,-8560.67,-4350.62,-50673.80,999.00
2022-01-31 20:02:24,70.230721,-148.381851,-8508.68,-4344.20,-50663.45,999.00
2022-01-31 20:03:34,70.230721,-148.381851,-8617.14,-4309.11,-50632.64,999.00
2022-01-31 20:04:44,70.230721,-148.381851,-8527.30,-4200.82,-50731.80,999.00
2022-01-31 20:05:54,70.230721,-148.381851,-8530.56,-4197.07,-50608.17,999.00
2022-01-31 20:07:04,70.230721,-148.381851,-8625.21,-4244.14,-50640.44,999.00
2022-01-31 20:08:14,70.230721,-148.381851,-8545.24,-4234.90,-50532.95,999.00
2022-01-31 20:09:24,70.230721,-148.381851,-8615.70,-4183.27,-50740.80,999.00
2022-01-31 20:10:34,70.230721,-148.381851,-8490.42,-4237.43,-50817.66,999.00
2022-01-31 20:11:44,70.230721,-148.381851,-8572.46,-4278.47,-50928.16,999.00
2022-01-31 20:12:54,70.230721,-148.381851,-8614.97,-4218.31,-50792.44,999.00
2022-01-31 20:14:04,70.230721,-148.381851,-8530.37,-4249.37,-50548.37,999.00
2022-01-31 20:15:14,70.230721,-148.381851,-8669.90,-4301.60,-50448.77,999.00
2022-01-31 20:16:24,70.230721,-148.381851,-8748.37,-4430.36,-50712.02,999.00
2022-01-31 20:17:34,70.230721,-148.381851,-8546.90,-4441.10,-50600.86,999.00
2022-01-31 20:18:44,70.230721,-148.381851,-8635.47,-4558.83,-50560.50,999.00
2022-01-31 20:19:54,70.230721,-148.381851,-8518.27,-4624.27,-50379.66,999.00
2022-01-31 20:21:04,70.230721,-148.381851,-8385.58,-4467.54,-50511.79,999.00
2022-01-31 20:22:14,70.230721,-148.381851,-8429.21,-4593.98,-50489.18,999.00
2022-01-31 20:23:24,70.230721,-148.381851,-8399.46,-4396.64,-50573.51,999.00
2022-01-31 20:24:34,70.230721,-148.381851,-8414.46,-4572.75,-50343.41,999.00
2022-01-31 20:25:44,70.230721,-148.381851,-8388.18,-4511.87,-50463.31,999.00
2022-01-31 20:26:54,70.230721,-148.381851,-8462.47,-4477.04,-50598.78,999.00
2022-01-31 20:28:04,70.230721,-148.381851,-8592.21,-4339.78,-50573.59,999.00
2022-01-31 20:29:14,70.230721,-148.381851,-8605.63,-4341.71,-50639.30,999.00
2022-01-31 20:30:24,70.230721,-148.381851,-8484.48,-4362.72,-50467.08,999.00
2022-01-31 20:31:34,70.230721,-148.381851,-8599.89,-4454.88,-50405.34,999.00
2022-01-31 20:32:44,70.230721,-148.381851,-8615.84,-4353.91,-50359.75,999.00
2022-01-31 20:33:54,70.230721,-148.381851,-8572.24,-4283.45,-50569.69,999.00
2022-01-31 20:35:04,70.230721,-148.381851,-8635.22,-4331.03,-50414.05,999.00
2022-01-31 20:36:14,70.230721,-148.381851,-8640.31,-4128.03,-50538.87,999.00
2022-01-31 20:37:24,70.230721,-148.381851,-8441.50,-4157.33,-50526.38,999.00
2022-01-31 20:38:34,70.230721,-148.381851,-8306.57,-4167.19,-50583.23,999.00
2022-01-31 20:39:44,70.230721,-148.381851,-8485.25,-4127.22,-50524.48,999.00
2022-01-31 20:40:54,70.230721,-148.381851,-8539.13,-4196.56,-50604.98,999.00
2022-01-31 20:42:04,70.230721,-148.381851,-8612.50,-4189.44,-50621.36,999.00
2022-01-31 20:43:14,70.230721,-148.381851,-8469.10,-4178.03,-50659.22,999.00
2022-01-31 20:44:24,70.230721,-148.381851,-8531.91,-4309.48,-50532.25,999.00
2022-01-31 20:45:34,70.230721,-148.381851,-8541.83,-4256.51,-50930.27,999.00
2022-01-31 20:46:44,70.230721,-148.381851,-8488.20,-4061.20,-50624.86,999.00
2022-01-31 20:47:54,70.230721,-148.381851,-8433.77,-4184.94,-50641.44,999.00
2022-01-31 20:49:04,70.230721,-148.381851,-8342.51,-4242.22,-50725.74,999.00
2022-01-31 20:50:14,70.230721,-148.381851,-8415.89,-4104.87,-50525.12,999.00
2022-01-31 20:51:24,70.230721,-148.381851,-8255.60,-4131.24,-50809.73,999.00
2022-01-31 20:52:34,70.230721,-148.381851,-8292.18,-4092.90,-50805.44,999.00
2022-01-31 20:53:44,70.230721,-148.381851,-8362.34,-4024.26,-50807.50,999.00
2022-01-31 20:54:54,70.230721,-148.381851,-8319.23,-3992.00,-50567.83,999.00
2022-01-31 20:56:04,70.230721,-148.381851,-8334.44,-4174.51,-50695.83,999.00
2022-01-31 20:57:14,70.230721,-148.381851,-8283.87,-4071.65,-50857.67,999.00
2022-01-31 20:58:24,70.230721,-148.381851,-8368.01,-4051.00,-50983.06,999.00
2022-01-31 20:59:34,70.230721,-148.381851,-8490.81,-4145.41,-51008.76,999.00
2022-01-31 21:00:44,70.230721,-148.381851,-8169.47,-4158.05,-50901.32,999.00
2022-01-31 21:01:54,70.230721,-148.381851,-8365.98,-4255.95,-50982.14,999.00
2022-01-31 21:03:04,70.230721,-148.381851,-8278.31,-4286.54,-50700.88,999.00
2022-01-31 21:04:14,70.230721,-148.381851,-8248.68,-4164.50,-50866.75,999.00
2022-01-31 21:05:24,70.230721,-148.381851,-8390.02,-4206.27,-50656.61,999.00
2022-01-31 21:06:34,70.230721,-148.381851,-8330.42,-4058.44,-50523.50,999.00
2022-01-31 21:07:44,70.230721,-148.381851,-8358.51,-4061.03,-50429.50,999.00
2022-01-31 21:08:54,70.230721,-148.381851,-8525.05,-4046.83,-50594.63,999.00
2022-01-31 21:10:04,70.230721,-148.381851,-8550.20,-4181.66,-50746.24,999.00
2022-01-31 21:11:14,70.230721,-148.381851,-8564.99,-4279.88,-50836.97,999.00
2022-01-31 21:12:24,70.230721,-148.381851,-8532.85,-4281.72,-50496.80,999.00
2022-01-31 21:13:34,70.230721,-148.381851,-8342.70,-4175.64,-50770.80,999.00
2022-01-31 21:14:44,70.230721,-148.381851,-8165.99,-4156.58,-50681.23,999.00
2022-01-31 21:15:54,70.230721,-148.381851,-8376.22,-4385.08,-50818.89,999.00
2022-01-31 21:17:04,70.230721,-148.381851,-8334.63,-4457.35,-50688.20,999.00
2022-01-31 21:18:14,70.230721,-148.381851,-8432.82,-4314.06,-50806.95,999.00
2022-01-31 21:19:24,70.230721,-148.381851,-8459.64,-4356.56,-50939.82,999.00
2022-01-31 21:20:34,70.230721,-148.381851,-8515.69,-4287.37,-50864.96,999.00
2022-01-31 21:21:44,70.230721,-148.381851,-8457.55,-4285.62,-50845.50,999.00
2022-01-31 21:22:54,70.230721,-148.381851,-8279.89,-4451.29,-50622.00,999.00
2022-01-31 21:24:04,70.230721,-148.381851,-8306.16,-4326.25,-50528.70,999.00
2022-01-31 21:25:14,70.230721,-148.381851,-8380.70,-4243.24,-50662.49,999.00
2022-01-31 21:26:24,70.230721,-148.381851,-8390.19,-4314.93,-50880.94,999.00
2022-01-31 21:27:34,70.230721,-148.381851,-8415.84,-4283.29,-50799.37,999.00
2022-01-31 21:28:44,70.230721,-148.381851,-8251.77,-4327.86,-50710.69,999.00
2022-01-31 21:29:54,70.230721,-148.381851,-8303.87,-4366.20,-50631.21,999.00
2022-01-31 21:31:04,70.230721,-148.381851,-8456.61,-4310.42,-50796.88,999.00
2022-01-31 21:32:14,70.230721,-148.381851,-8459.39,-4179.97,-50690.20,999.00
2022-01-31 21:33:24,70.230721,-148.381851,-8311.38,-4193.63,-50538.39,999.00
2022-01-31 21:34:34,70.230721,-148.381851,-8235.62,-4213.43,-50776.17,999.00
2022-01-31 21:35:44,70.230721,-148.381851,-8308.63,-4127.97,-50740.22,999.00
2022-01-31 21:36:54,70.230721,-148.381851,-8368.58,-4291.74,-50794.04,999.00
2022-01-31 21:38:04,70.230721,-148.381851,-8347.56,-4278.70,-50919.68,999.00
2022-01-31 21:39:14,70.230721,-148.381851,-8252.51,-4307.60,-50720.87,999.00
2022-01-31 21:40:24,70.230721,-148.381851,-8186.96,-4295.95,-50910.88,999.00
2022-01-31 21:41:34,70.230721,-148.381851,-8293.65,-4389.18,-50846.69,999.00
2022-01-31 21:42:44,70.230721,-148.381851,-8322.12,-4219.91,-50888.79,999.00
2022-01-31 21:43:54,70.230721,-148.381851,-8316.40,-4323.83,-50745.96,999.00
2022-01-31 21:45:04,70.230721,-148.381851,-8140.35,-4194.86,-50464.05,999.00
2022-01-31 21:46:14,70.230721,-148.381851,-8388.78,-4199.48,-50564.83,999.00
2022-01-31 21:47:24,70.230721,-148.381851,-8439.13,-4362.00,-50562.25,999.00
2022-01-31 21:48:34,70.230721,-148.381851,-8654.55,-4376.97,-50601.84,999.00
2022-01-31 21:49:44,70.230721,-148.381851,-8471.88,-4308.60,-50601.38,999.00
2022-01-31 21:50:54,70.230721,-148.381851,-8657.05,-4228.61,-50605.55,999.00
2022-01-31 21:52:04,70.230721,-148.381851,-8562.96,-4386.79,-50561.97,999.00
2022-01-31 21:53:14,70.230721,-148.381851,-8680.96,-4294.82,-50740.62,999.00
2022-01-31 21:54:24,70.230721,-148.381851,-8738.30,-4263.54,-50616.64,999.00
2022-01-31 21:55:34,70.230721,-148.381851,-8483.16,-4160.51,-50715.73,999.00
2022-01-31 21:56:44,70.230721,-148.381851,-8229.32,-4129.05,-50499.33,999.00
2022-01-31 21:57:54,70.230721,-148.381851,-8284.81,-4146.87,-50676.78,999.00
2022-01-31 21:59:04,70.230721,-148.381851,-8313.09,-4139.19,-50574.53,999.00
2022-01-31 22:00:14,70.230721,-148.381851,-8243.02,-4232.80,-50425.75,999.00
2022-01-31 22:01:24,70.230721,-148.381851,-8314.10,-4226.63,-50686.02,999.00
2022-01-31 22:02:34,70.230721,-148.381851,-8408.71,-4150.21,-50874.36,999.00
2022-01-31 22:03:44,70.230721,-148.381851,-8344.93,-4202.52,-50868.25,999.00
2022-01-31 22:04:54,70.230721,-148.381851,-8381.31,-4192.01,-50620.78,999.00
2022-01-31 22:06:04,70.230721,-148.381851,-8577.08,-4269.82,-50672.55,999.00
2022-01-31 22:07:14,70.230721,-148.381851,-8501.86,-4250.17,-50801.30,999.00
2022-01-31 22:08:24,70.230721,-148.381851,-8715.58,-4169.10,-50637.62,999.00
2022-01-31 22:09:34,70.230721,-148.381851,-8550.14,-4199.92,-50460.47,999.00
2022-01-31 22:10:44,70.230721,-148.381851,-8329.04,-4031.32,-50585.58,999.00
2022-01-31 22:11:54,70.230721,-148.381851,-8507.68,-4062.98,-50553.09,999.00
2022-01-31 22:13:04,70.230721,-148.381851,-8717.36,-4274.05,-50554.96,999.00
2022-01-31 22:14:14,70.230721,-148.381851,-8740.30,-4075.71,-50674.11,999.00
2022-01-31 22:15:24,70.230721,-148.381851,-8594.40,-4243.73,-50794.95,999.00
2022-01-31 22:16:34,70.230721,-148.381851,-8551.36,-4179.22,-50789.39,999.00
2022-01-31 22:17:44,70.230721,-148.381851,-8674.57,-4123.19,-51119.89,999.00
2022-01-31 22:18:54,70.230721,-148.381851,-8607.01,-4148.25,-50973.33,999.00
2022-01-31 22:20:04,70.230721,-148.381851,-8503.48,-4155.40,-50821.45,999.00
2022-01-31 22:21:14,70.230721,-148.381851,-8601.33,-4242.82,-50709.73,999.00
2022-01-31 22:22:24,70.230721,-148.381851,-8299.95,-4339.84,-50794.71,999.00
2022-01-31 22:23:34,70.230721,-148.381851,-8357.57,-4326.85,-50781.15,999.00
2022-01-31 22:24:44,70.230721,-148.381851,-8366.81,-4285.59,-50845.42,999.00
2022-01-31 22:25:54,70.230721,-148.381851,-8488.75,-4205.96,-50938.36,999.00
2022-01-31 22:27:04,70.230721,-148.381851,-8514.39,-4309.73,-51076.52,999.00
2022-01-31 22:28:14,70.230721,-148.381851,-8326.18,-4320.01,-50873.45,999.00
2022-01-31 22:29:24,70.230721,-148.381851,-8373.48,-4250.07,-50660.19,999.00
2022-01-31 22:30:34,70.230721,-148.381851,-8490.77,-4312.16,-50613.31,999.00
2022-01-31 22:31:44,70.230721,-148.381851,-8557.08,-4457.31,-50608.23,999.00
2022-01-31 22:32:54,70.230721,-148.381851,-8401.94,-4414.50,-50766.14,999.00
2022-01-31 22:34:04,70.230721,-148.381851,-8233.43,-4161.60,-50771.48,999.00
2022-01-31 22:35:14,70.230721,-148.381851,-8455.56,-4343.11,-50604.07,999.00
2022-01-31 22:36:24,70.230721,-148.381851,-8458.08,-4337.79,-50599.42,999.00
2022-01-31 22:37:34,70.230721,-148.381851,-8281.43,-4163.47,-50781.54,999.00
2022-01-31 22:38:44,70.230721,-148.381851,-8402.15,-4254.42,-50711.68,999.00
2022-01-31 22:39:54,70.230721,-148.381851,-8279.32,-4266.16,-50691.54,999.00
2022-01-31 22:41:04,70.230721,-148.381851,-8257.96,-4179.95,-50827.73,999.00
2022-01-31 22:42:14,70.230721,-148.381851,-8331.43,-4253.73,-50836.85,999.00
2022-01-31 22:43:24,70.230721,-148.381851,-8431.72,-4281.37,-50755.80,999.00
2022-01-31 22:44:34,70.230721,-148.381851,-8423.45,-4278.20,-50851.25,999.00
2022-01-31 22:45:44,70.230721,-148.381851,-8518.85,-4346.96,-50661.32,999.00
2022-01-31 22:46:54,70.230721,-148.381851,-8375.65,-4228.83,-50729.75,999.00
2022-01-31 22:48:04,70.230721,-148.381851,-8333.16,-4212.61,-50322.36,999.00
2022-01-31 22:49:14,70.230721,-148.381851,-8340.54,-4187.63,-50304.14,999.00
2022-01-31 22:50:24,70.230721,-148.381851,-8459.32,-4253.72,-50473.91,999.00
2022-01-31 22:51:34,70.230721,-148.381851,-8554.62,-4290.14,-50453.80,999.00
2022-01-31 22:52:44,70.230721,-148.381851,-8432.08,-4160.18,-50382.55,999.00
2022-01-31 22:53:54,70.230721,-148.381851,-8438.86,-4179.51,-50558.17,999.00
2022-01-31 22:55:04,70.230721,-148.381851,-8464.72,-4069.72,-50948.16,999.00
2022-01-31 22:56:14,70.230721,-148.381851,-8400.88,-4105.08,-50675.50,999.00
2022-01-31 22:57:24,70.230721,-148.381851,-8440.86,-4133.57,-50636.38,999.00
2022-01-31 22:58:34,70.230721,-148.381851,-8224.45,-4180.27,-50895.41,999.00
2022-01-31 22:59:44,70.230721,-148.381851,-8247.90,-4179.13,-50867.69,999.00
2022-01-31 23:00:54,70.230721,-148.381851,-8349.82,-4027.42,-50934.12,999.00
2022-01-31 23:02:04,70.230721,-148.381851,-8263.95,-4070.15,-50765.54,999.00
2022-01-31 23:03:14,70.230721,-148.381851,-8368.88,-4119.47,-50508.36,999.00
2022-01-31 23:04:24,70.230721,-148.381851,-8382.82,-4246.49,-50772.72,999.00
2022-01-31 23:05:34,70.230721,-148.381851,-8437.73,-4063.63,-50937.71,999.00
2022-01-31 23:06:44,70.230721,-148.381851,-8553.53,-4083.07,-50986.46,999.00
2022-01-31 23:07:54,70.230721,-148.381851,-8546.55,-4170.44,-50989.86,999.00
2022-01-31 23:09:04,70.230721,-148.381851,-8626.29,-4303.03,-50824.67,999.00
2022-01-31 23:10:14,70.230721,-148.381851,-8684.13,-4178.04,-50841.28,999.00
2022-01-31 23:11:24,70.230721,-148.381851,-8505.84,-4161.11,-50896.54,999.00
2022-01-31 23:12:34,70.230721,-148.381851,-8610.12,-4259.95,-51033.00,999.00
2022-01-31 23:13:44,70.230721,-148.381851,-8579.27,-4125.90,-50855.20,999.00
2022-01-31 23:14:54,70.230721,-148.381851,-8621.20,-4231.53,-50872.41,999.00
2022-01-31 23:16:04,70.230721,-148.381851,-8623.22,-4092.12,-50883.60,999.00
2022-01-31 23:17:14,70.230721,-148.381851,-8463.42,-4255.32,-50955.57,999.00
2022-01-31 23:18:24,70.230721,-148.381851,-8420.61,-4263.39,-50721.30,999.00
2022-01-31 23:19:34,70.230721,-148.381851,-8488.09,-4290.98,-51029.70,999.00
2022-01-31 23:20:44,70.230721,-148.381851,-8659.36,-4253.17,-51039.25,999.00
2022-01-31 23:21:54,70.230721,-148.381851,-8589.46,-4283.64,-50708.34,999.00
2022-01-31 23:23:04,70.230721,-148.381851,-8744.59,-4308.75,-50949.48,999.00
2022-01-31 23:24:14,70.230721,-148.381851,-8760.78,-4212.72,-50929.61,999.00
2022-01-31 23:25:24,70.230721,-148.381851,-8790.26,-4201.89,-50973.32,999.00
2022-01-31 23:26:34,70.230721,-148.381851,-8725.91,-4320.10,-50984.64,999.00
2022-01-31 23:27:44,70.230721,-148.381851,-8531.67,-4190.98,-50830.27,999.00
2022-01-31 23:28:54,70.230721,-148.381851,-8312.98,-4234.76,-50795.75,999.00
2022-01-31 23:30:04,70.230721,-148.381851,-8364.94,-4297.75,-50750.69,999.00
2022-01-31 23:31:14,70.230721,-148.381851,-8580.49,-4299.59,-50790.06,999.00
2022-01-31 23:32:24,70.230721,-148.381851,-8412.39,-4213.38,-50910.72,999.00
2022-01-31 23:33:34,70.230721,-148.381851,-8486.50,-4295.36,-50518.26,999.00
2022-01-31 23:34:44,70.230721,-148.381851,-8478.63,-4151.41,-50483.53,999.00
2022-01-31 23:35:54,70.230721,-148.381851,-8584.99,-4125.52,-50601.01,999.00
2022-01-31 23:37:04,70.230721,-148.381851,-8361.11,-4275.99,-50569.99,999.00
2022-01-31 23:38:14,70.230721,-148.381851,-8467.57,-4283.14,-50425.42,999.00
2022-01-31 23:39:24,70.230721,-148.381851,-8454.38,-4119.93,-50558.00,999.00
2022-01-31 23:40:34,70.230721,-148.381851,-8576.48,-4245.36,-50767.80,999.00
2022-01-31 23:41:44,70.230721,-148.381851,-8535.39,-4148.93,-50733.38,999.00
2022-01-31 23:42:54,70.230721,-148.381851,-8425.43,-4100.87,-50724.82,999.00
2022-01-31 23:44:04,70.230721,-148.381851,-8525.86,-4339.82,-50691.01,999.00
2022-01-31 23:45:14,70.230721,-148.381851,-8479.24,-4345.36,-50929.26,999.00
2022-01-31 23:46:24,70.230721,-148.381851,-8565.07,-4385.09,-51124.43,999.00
2022-01-31 23:47:34,70.230721,-148.381851,-8522.40,-4291.47,-51240.91,999.00
2022-01-31 23:48:44,70.230721,-148.381851,-8515.34,-4239.25,-51320.00,999.00
2022-01-31 23:49:54,70.230721,-148.381851,-8589.82,-4262.77,-50987.75,999.00
2022-01-31 23:51:04,70.230721,-148.381851,-8583.00,-4159.92,-51090.67,999.00
2022-01-31 23:52:14,70.230721,-148.381851,-8571.92,-4116.00,-51209.20,999.00
2022-01-31 23:53:24,70.230721,-148.381851,-8595.30,-4123.73,-51342.86,999.00
2022-01-31 23:54:34,70.230721,-148.381851,-8560.60,-4126.84,-51154.23,999.00
2022-01-31 23:55:44,70.230721,-148.381851,-8643.61,-4220.31,-51204.07,999.00
2022-01-31 23:56:54,70.230721,-148.381851,-8669.14,-4203.71,-51342.77,999.00
2022-01-31 23:58:04,70.230721,-148.381851,-8797.95,-4320.48,-51256.66,999.00
2022-01-31 23:59:14,70.230721,-148.381851,-8621.49,-4266.85,-51309.80,999.00
2022-02-01 00:00:24,70.230721,-148.381851,-8527.50,-4383.52,-51250.38,999.00
2022-02-01 00:01:34,70.230721,-148.381851,-8667.16,-4358.28,-51188.25,999.00
2022-02-01 00:02:44,70.230721,-148.381851,-8832.17,-4348.74,-51049.06,999.00
2022-02-01 00:03:54,70.230721,-148.381851,-8627.67,-4146.37,-51029.85,999.00
2022-02-01 00:05:04,70.230721,-148.381851,-8573.83,-4264.53,-51027.34,999.00
2022-02-01 00:06:14,70.230721,-148.381851,-8552.19,-4268.82,-50768.80,999.00
2022-02-01 00:07:24,70.230721,-148.381851,-8523.77,-4314.17,-50937.20,999.00
2022-02-01 00:08:34,70.230721,-148.381851,-8565.93,-4305.54,-50973.08,999.00
2022-02-01 00:09:44,70.230721,-148.381851,-8583.80,-4310.99,-51038.79,999.00
2022-02-01 00:10:54,70.230721,-148.381851,-8438.85,-4188.31,-51004.36,999.00
2022-02-01 00:12:04,70.230721,-148.381851,-8407.99,-4136.49,-51029.31,999.00
2022-02-01 00:13:14,70.230721,-148.381851,-8563.84,-4226.10,-51203.73,999.00
2022-02-01 00:14:24,70.230721,-148.381851,-8501.78,-4250.44,-51193.61,999.00
2022-02-01 00:15:34,70.230721,-148.381851,-8557.09,-4161.40,-50949.00,999.00
2022-02-01 00:16:44,70.230721,-148.381851,-8581.01,-4095.44,-51014.96,999.00
2022-02-01 00:17:54,70.230721,-148.381851,-8633.68,-4100.96,-50946.63,999.00
2022-02-01 00:19:04,70.230721,-148.381851,-8598.27,-4116.59,-51068.18,999.00
2022-02-01 00:20:14,70.230721,-148.381851,-8534.58,-4313.16,-51030.55,999.00
2022-02-01 00:21:24,70.230721,-148.381851,-8585.38,-4270.30,-51003.45,999.00
2022-02-01 00:22:34,70.230721,-148.381851,-8463.35,-4216.78,-51018.18,999.00
2022-02-01 00:23:44,70.230721,-148.381851,-8491.99,-4142.52,-50816.61,999.00
2022-02-01 00:24:54,70.230721,-148.381851,-8265.83,-4242.59,-50826.74,999.00
2022-02-01 00:26:04,70.230721,-148.381851,-8328.39,-4222.43,-50724.36,999.00
2022-02-01 00:27:14,70.230721,-148.381851,-8411.65,-4396.11,-50726.06,999.00
2022-02-01 00:28:24,70.230721,-148.381851,-8583.33,-4379.81,-50733.18,999.00
2022-02-01 00:29:34,70.230721,-148.381851,-8683.97,-4203.16,-50827.45,999.00
2022-02-01 00:30:44,70.230721,-148.381851,-8624.56,-4134.67,-50582.27,999.00
2022-02-01 00:31:54,70.230721,-148.381851,-8689.06,-4174.75,-50671.22,999.00
2022-02-01 00:33:04,70.230721,-148.381851,-8679.17,-4049.83,-50674.31,999.00
2022-02-01 00:34:14,70.230721,-148.381851,-8581.18,-4052.08,-50841.71,999.00
2022-02-01 00:35:24,70.230721,-148.381851,-8548.96,-4266.63,-50910.83,999.00
2022-02-01 00:36:34,70.230721,-148.381851,-8500.96,-4340.21,-50873.47,999.00
2022-02-01 00:37:44,70.230721,-148.381851,-8619.09,-4286.21,-50888.32,999.00
2022-02-01 00:38:54,70.230721,-148.381851,-8685.00,-4133.58,-50856.31,999.00
2022-02-01 00:40:04,70.230721,-148.381851,-8898.20,-4181.61,-50764.25,999.00
2022-02-01 00:41:14,70.230721,-148.381851,-8680.97,-4074.58,-50766.64,999.00
2022-02-01 00:42:24,70.230721,-148.381851,-8664.18,-3942.18,-50781.50,999.00
2022-02-01 00:43:34,70.230721,-148.381851,-8462.54,-3933.73,-50855.48,999.00
2022-02-01 00:44:44,70.230721,-148.381851,-8446.10,-3977.64,-51087.44,999.00
2022-02-01 00:45:54,70.230721,-148.381851,-8446.49,-4043.96,-51136.21,999.00
2022-02-01 00:47:04,70.230721,-148.381851,-8596.01,-3972.65,-50977.44,999.00
2022-02-01 00:48:14,70.230721,-148.381851,-8817.55,-4018.67,-50926.96,999.00
2022-02-01 00:49:24,70.230721,-148.381851,-8695.12,-4061.78,-50994.80,999.00
2022-02-01 00:50:34,70.230721,-148.381851,-8532.88,-4052.64,-50822.47,999.00
2022-02-01 00:51:44,70.230721,-148.381851,-8594.71,-4092.40,-51028.63,999.00
2022-02-01 00:52:54,70.230721,-148.381851,-8527.97,-4020.04,-50958.62,999.00
2022-02-01 00:54:04,70.230721,-148.381851,-8518.60,-3975.56,-50907.72,999.00
2022-02-01 00:55:14,70.230721,-148.381851,-8604.51,-3835.44,-50561.22,999.00
2022-02-01 00:56:24,70.230721,-148.381851,-8390.51,-3958.96,-51010.77,999.00
2022-02-01 00:57:34,70.230721,-148.381851,-8512.30,-4102.10,-50844.10,999.00
2022-02-01 00:58:44,70.230721,-148.381851,-8630.41,-4130.14,-51087.09,999.00
2022-02-01 00:59:54,70.230721,-148.381851,-8469.25,-4149.05,-50987.64,999.00
2022-02-01 01:01:04,70.230721,-148.381851,-8544.49,-4247.17,-50925.66,999.00
2022-02-01 01:02:14,70.230721,-148.381851,-8651.21,-4124.03,-51132.28,999.00
2022-02-01 01:03:24,70.230721,-148.381851,-8562.84,-4227.78,-50872.75,999.00
2022-02-01 01:04:34,70.230721,-148.381851,-8588.79,-4194.56,-50954.03,999.00
2022-02-01 01:05:44,70.230721,-148.381851,-8457.25,-4191.54,-50871.09,999.00
2022-02-01 01:06:54,70.230721,-148.381851,-8295.41,-4145.14,-50783.51,999.00
2022-02-01 01:08:04,70.230721,-148.381851,-8402.14,-4126.38,-50993.59,999.00
2022-02-01 01:09:14,70.230721,-148.381851,-8295.71,-4143.26,-51036.45,999.00
2022-02-01 01:10:24,70.230721,-148.381851,-8399.66,-3938.55,-50935.56,999.00
2022-02-01 01:11:34,70.230721,-148.381851,-8470.96,-4015.48,-50857.46,999.00
2022-02-01 01:12:44,70.230721,-148.381851,-8458.45,-4001.30,-50970.50,999.00
2022-02-01 01:13:54,70.230721,-148.381851,-8473.43,-4133.86,-50779.04,999.00
2022-02-01 01:15:04,70.230721,-148.381851,-8395.75,-4216.88,-50822.02,999.00
2022-02-01 01:16:14,70.230721,-148.381851,-8432.59,-4043.33,-50956.96,999.00
2022-02-01 01:17:24,70.230721,-148.381851,-8489.05,-4092.10,-50866.38,999.00
2022-02-01 01:18:34,70.230721,-148.381851,-8417.94,-4130.16,-50876.09,999.00
2022-02-01 01:19:44,70.230721,-148.381851,-8336.87,-4215.35,-50992.18,999.00
2022-02-01 01:20:54,70.230721,-148.381851,-8287.20,-4214.21,-51031.28,999.00
2022-02-01 01:22:04,70.230721,-148.381851,-8365.48,-4126.82,-51221.03,999.00
2022-02-01 01:23:14,70.230721,-148.381851,-8335.08,-4082.18,-51037.67,999.00
2022-02-01 01:24:24,70.230721,-148.381851,-8373.96,-4125.36,-51191.00,999.00
2022-02-01 01:25:34,70.230721,-148.381851,-8264.11,-4061.06,-51284.02,999.00
2022-02-01 01:26:44,70.230721,-148.381851,-8286.08,-4051.86,-51055.88,999.00
2022-02-01 01:27:54,70.230721,-148.381851,-8217.02,-4192.98,-50973.33,999.00
2022-02-01 01:29:04,70.230721,-148.381851,-8211.58,-4164.65,-51002.31,999.00
2022-02-01 01:30:14,70.230721,-148.381851,-8517.86,-4239.15,-50951.65,999.00
2022-02-01 01:31:24,70.230721,-148.381851,-8505.25,-4161.52,-50990.16,999.00
2022-02-01 01:32:34,70.230721,-148.381851,-8419.78,-4174.55,-50673.80,999.00
2022-02-01 01:33:44,70.230721,-148.381851,-8407.65,-4000.80,-50697.51,999.00
2022-02-01 01:34:54,70.230721,-148.381851,-8456.86,-4146.03,-50995.86,999.00
2022-02-01 01:36:04,70.230721,-148.381851,-8449.07,-4111.41,-50768.75,999.00
2022-02-01 01:37:14,70.230721,-148.381851,-8622.91,-3995.07,-51038.77,999.00
2022-02-01 01:38:24,70.230721,-148.381851,-8684.29,-4107.99,-51071.90,999.00
2022-02-01 01:39:34,70.230721,-148.381851,-8734.60,-4189.71,-51020.08,999.00
2022-02-01 01:40:44,70.230721,-148.381851,-8470.59,-4226.94,-50825.53,999.00
2022-02-01 01:41:54,70.230721,-148.381851,-8558.44,-4357.12,-50649.20,999.00
2022-02-01 01:43:04,70.230721,-148.381851,-8641.02,-4252.40,-50685.62,999.00
2022-02-01 01:44:14,70.230721,-148.381851,-8596.11,-4244.22,-50730.81,999.00
2022-02-01 01:45:24,70.230721,-148.381851,-8677.92,-4212.32,-50387.58,999.00
2022-02-01 01:46:34,70.230721,-148.381851,-8697.60,-4270.80,-50552.68,999.00
2022-02-01 01:47:44,70.230721,-148.381851,-8680.75,-4204.11,-50569.41,999.00
2022-02-01 01:48:54,70.230721,-148.381851,-8619.33,-4210.39,-50681.97,999.00
2022-02-01 01:50:04,70.230721,-148.381851,-8591.64,-4279.74,-50686.88,999.00
2022-02-01 01:51:14,70.230721,-148.381851,-8454.10,-4248.04,-50598.85,999.00
2022-02-01 01:52:24,70.230721,-148.381851,-8493.48,-4214.85,-50662.02,999.00
2022-02-01 01:53:34,70.230721,-148.381851,-8620.12,-4275.54,-50728.19,999.00
2022-02-01 01:54:44,70.230721,-148.381851,-8585.64,-4114.98,-50618.02,999.00
2022-02-01 01:55:54,70.230721,-148.381851,-8739.36,-4137.37,-50673.66,999.00
2022-02-01 01:57:04,70.230721,-148.381851,-8695.28,-4173.76,-50828.38,999.00
2022-02-01 01:58:14,70.230721,-148.381851,-8692.73,-4199.25,-50511.56,999.00
2022-02-01 01:59:24,70.230721,-148.381851,-8508.71,-4196.73,-50348.34,999.00
2022-02-01 02:00:34,70.230721,-148.381851,-8364.92,-4274.50,-50596.70,999.00
2022-02-01 02:01:44,70.230721,-148.381851,-8356.36,-4388.30,-50628.11,999.00
2022-02-01 02:02:54,70.230721,-148.381851,-8399.27,-4266.25,-50729.09,999.00
2022-02-01 02:04:04,70.230721,-148.381851,-8664.76,-4213.19,-50300.89,999.00
2022-02-01 02:05:14,70.230721,-148.381851,-8685.31,-4153.46,-50441.40,999.00
2022-02-01 02:06:24,70.230721,-148.381851,-8604.20,-4226.71,-50419.81,999.00
2022-02-01 02:07:34,70.230721,-148.381851,-8440.01,-4373.90,-50589.65,999.00
2022-02-01 02:08:44,70.230721,-148.381851,-8503.14,-4370.61,-50755.29,999.00
2022-02-01 02:09:54,70.230721,-148.381851,-8289.63,-4394.11,-50812.31,999.00
2022-02-01 02:11:04,70.230721,-148.381851,-8478.72,-4369.72,-50878.07,999.00
2022-02-01 02:12:14,70.230721,-148.381851,-8289.30,-4257.01,-50650.42,999.00
2022-02-01 02:13:24,70.230721,-148.381851,-8677.53,-4277.56,-50578.05,999.00
2022-02-01 02:14:34,70.230721,-148.381851,-8733.65,-4353.40,-50420.61,999.00
2022-02-01 02:15:44,70.230721,-148.381851,-8771.46,-4324.00,-50609.62,999.00
2022-02-01 02:16:54,70.230721,-148.381851,-8630.23,-4276.23,-50643.34,999.00
2022-02-01 02:18:04,70.230721,-148.381851,-8585.64,-4390.56,-50819.95,999.00
2022-02-01 02:19:14,70.230721,-148.381851,-8457.04,-3999.14,-50356.29,999.00
2022-02-01 02:20:24,70.230721,-148.381851,-8412.36,-3976.76,-50554.64,999.00
2022-02-01 02:21:34,70.230721,-148.381851,-8649.18,-4206.96,-50941.17,999.00
2022-02-01 02:22:44,70.230721,-148.381851,-8505.92,-4190.23,-50766.92,999.00
2022-02-01 02:23:54,70.230721,-148.381851,-8550.96,-3877.11,-50292.19,999.00
2022-02-01 02:25:04,70.230721,-148.381851,-8770.85,-3858.07,-50184.54,999.00
2022-02-01 02:26:14,70.230721,-148.381851,-8712.48,-3875.08,-50083.14,999.00
2022-02-01 02:27:24,70.230721,-148.381851,-8395.90,-4158.38,-50453.76,999.00
2022-02-01 02:28:34,70.230721,-148.381851,-8525.98,-4148.31,-50648.89,999.00
2022-02-01 02:29:44,70.230721,-148.381851,-8675.00,-4075.77,-50423.50,999.00
2022-02-01 02:30:54,70.230721,-148.381851,-8702.79,-4087.98,-50532.50,999.00
2022-02-01 02:32:04,70.230721,-148.381851,-8298.04,-4014.39,-50538.30,999.00
2022-02-01 02:33:14,70.230721,-148.381851,-8214.33,-4121.26,-50528.81,999.00
2022-02-01 02:34:24,70.230721,-148.381851,-8056.21,-3951.17,-50439.36,999.00
2022-02-01 02:35:34,70.230721,-148.381851,-8231.85,-3841.02,-50058.78,999.00
2022-02-01 02:36:44,70.230721,-148.381851,-8147.36,-3764.13,-50038.83,999.00
2022-02-01 02:37:54,70.230721,-148.381851,-8203.78,-4134.59,-50387.11,999.00
2022-02-01 02:39:04,70.230721,-148.381851,-8192.50,-3797.83,-49934.23,999.00
2022-02-01 02:40:14,70.230721,-148.381851,-8329.76,-3890.17,-50080.11,999.00
2022-02-01 02:41:24,70.230721,-148.381851,-8378.05,-4026.18,-50475.02,999.00
2022-02-01 02:42:34,70.230721,-148.381851,-8342.51,-3941.12,-50385.64,999.00
2022-02-01 02:43:44,70.230721,-148.381851,-8487.34,-3937.08,-49990.78,999.00
2022-02-01 02:44:54,70.230721,-148.381851,-8378.12,-3850.89,-49770.07,999.00
2022-02-01 02:46:04,70.230721,-148.381851,-8497.15,-3989.64,-49806.43,999.00
2022-02-01 02:47:14,70.230721,-148.381851,-8309.87,-4015.07,-49879.79,999.00
2022-02-01 02:48:24,70.230721,-148.381851,-8302.37,-4564.45,-50768.20,999.00
2022-02-01 02:49:34,70.230721,-148.381851,-8575.79,-4542.36,-51069.09,999.00
2022-02-01 02:50:44,70.230721,-148.381851,-8530.73,-4466.05,-50965.50,999.00
2022-02-01 02:51:54,70.230721,-148.381851,-8614.59,-4542.44,-50851.62,999.00
2022-02-01 02:53:04,70.230721,-148.381851,-8505.99,-4520.59,-51024.27,999.00
2022-02-01 02:54:14,70.230721,-148.381851,-8310.83,-4505.40,-50997.00,999.00
2022-02-01 02:55:24,70.230721,-148.381851,-8204.79,-4454.23,-50964.59,999.00
2022-02-01 02:56:34,70.230721,-148.381851,-8171.58,-4429.49,-50982.16,999.00
2022-02-01 02:57:44,70.230721,-148.381851,-8305.16,-4536.00,-50841.88,999.00
2022-02-01 02:58:54,70.230721,-148.381851,-8355.53,-4503.61,-51161.69,999.00
2022-02-01 03:00:04,70.230721,-148.381851,-8394.89,-4464.77,-50989.00,999.00
2022-02-01 03:01:14,70.230721,-148.381851,-8320.90,-4450.25,-50954.21,999.00
2022-02-01 03:02:24,70.230721,-148.381851,-8260.84,-4493.53,-51006.84,999.00
2022-02-01 03:03:34,70.230721,-148.381851,-6694.58,-9487.15,-48494.52,999.00
