Time (UTC),Latitude (deg),Longitude (deg), X (nT), Y (nT), Z (nT),TF (nT),TF20pt, Tempature (Â°F)
12/7/2021 18:05,70.230377,-148.382812,-36170.21,-35634.81,-9204.94,51602.8555,,999
12/7/2021 18:07,70.230377,-148.382812,6651.34,-32171.62,-64470.19,72357.85276,,999
12/7/2021 18:08,70.230377,-148.382812,6649.67,-32075.62,-64614.54,72443.7871,,999
12/7/2021 18:09,70.230377,-148.382812,6737.68,-32046.93,-64424.21,72269.50179,,999
12/7/2021 18:10,70.230377,-148.382812,6701.85,-32103.96,-64112.77,72014.07028,,999
12/7/2021 18:11,70.230377,-148.382812,6893.64,-32134.7,-63972.06,71920.69019,,999
12/7/2021 18:12,70.230377,-148.382812,6877.47,-32034.77,-64278.33,72147.27847,,999
12/7/2021 18:14,70.230377,-148.382812,6875.64,-32088.3,-64673.34,72522.92278,,999
12/7/2021 18:15,70.230377,-148.382812,7054.12,-32052.85,-64704.96,72552.58542,,999
12/7/2021 18:16,70.230377,-148.382812,7106.12,-32036.77,-64607.72,72463.84655,,999
12/7/2021 18:17,70.230377,-148.382812,7045.54,-31976.1,-64622.18,72444.02496,72395.52221,999
12/7/2021 18:18,70.230377,-148.382812,6790.11,-32066.87,-64565.19,72408.9325,72402.06683,999
12/7/2021 18:19,70.230377,-148.382812,6761.2,-32075.83,-64457.47,72314.16275,72412.79802,999
12/7/2021 18:21,70.230377,-148.382812,6730.14,-32105.31,-64353.36,72231.5766,72437.61435,999
12/7/2021 18:22,70.230377,-148.382812,6818.44,-32005.06,-64479.19,72307.54409,72466.46013,999
12/7/2021 18:23,70.230377,-148.382812,6845.85,-32083.51,-64546.17,72404.59473,72507.12928,999
12/7/2021 18:24,70.230377,-148.382812,6848.11,-32058.03,-64579.9,72423.59686,72541.36784,999
12/7/2021 18:25,70.230377,-148.382812,6650.82,-32213.07,-64997.12,72846.00808,72546.22848,999
12/7/2021 18:26,70.230377,-148.382812,6711.21,-32066.43,-64951.21,72745.83117,72560.61887,999
12/7/2021 18:28,70.230377,-148.382812,6595.67,-32194.78,-64843.8,72696.11489,72578.08262,999
12/7/2021 18:29,70.230377,-148.382812,6742.2,-32229.99,-64571.2,72482.20047,72589.81286,999
12/7/2021 18:30,70.230377,-148.382812,6679.4,-32111.88,-64822.05,72647.67985,72608.48061,999
12/7/2021 18:31,70.230377,-148.382812,6501.59,-32057.68,-64971.45,72741.01205,72626.80437,999
12/7/2021 18:32,70.230377,-148.382812,6631.36,-31970.93,-64800.84,72562.14003,72650.21333,999
12/7/2021 18:33,70.230377,-148.382812,6561.98,-32147.1,-64867.83,72693.40403,72669.06602,999
12/7/2021 18:35,70.230377,-148.382812,6616.25,-32213.21,-64946.56,72797.81122,72679.35777,999
12/7/2021 18:36,70.230377,-148.382812,6699.42,-32180.51,-64749.6,72615.27492,72694.03253,999
12/7/2021 18:37,70.230377,-148.382812,6749.94,-32144.2,-64998.58,72826.00281,72682.15688,999
12/7/2021 18:38,70.230377,-148.382812,6746.45,-32261.4,-64906.82,72795.65784,72679.65284,999
12/7/2021 18:39,70.230377,-148.382812,6728.93,-32119.81,-64834.54,72666.89941,72684.06427,999
12/7/2021 18:40,70.230377,-148.382812,6617.1,-32243.55,-64893.08,72763.61976,72696.50598,999
12/7/2021 18:42,70.230377,-148.382812,6730.2,-32248.52,-64765.34,72662.31416,72705.66088,999
12/7/2021 18:43,70.230377,-148.382812,6743.98,-32147.08,-64830.05,72676.34692,72701.22113,999
12/7/2021 18:44,70.230377,-148.382812,6685.49,-32096.99,-64849.04,72665.74525,72717.0449,999
12/7/2021 18:45,70.230377,-148.382812,6876.34,-32068.94,-64769.43,72600.13793,72720.10525,999
12/7/2021 18:46,70.230377,-148.382812,6799.68,-32168.13,-64843.02,72702.41728,72724.80494,999
12/7/2021 18:47,70.230377,-148.382812,7001.8,-31966.81,-64829.13,72620.37071,72730.46522,999
12/7/2021 18:49,70.230377,-148.382812,6836.89,-32050.56,-64892.64,72698.25436,72726.65352,999
12/7/2021 18:50,70.230377,-148.382812,6726.71,-32192.38,-64925.5,72779.93204,72720.37462,999
12/7/2021 18:51,70.230377,-148.382812,6527.55,-31995.97,-64974.17,72718.59303,72719.19048,999
12/7/2021 18:52,70.230377,-148.382812,6700.93,-32039.92,-65050.21,72821.62287,72710.20818,999
12/7/2021 18:53,70.230377,-148.382812,6812.83,-32233.3,-64757.93,72656.65681,72693.86639,999
12/7/2021 18:54,70.230377,-148.382812,6795.73,-32133.39,-65040.37,72862.7918,72679.65018,999
12/7/2021 18:56,70.230377,-148.382812,6859.75,-32183.4,-64884.21,72751.55059,72676.50825,999
12/7/2021 18:57,70.230377,-148.382812,6963.97,-32140.89,-65046.11,72887.10527,72679.28047,999
12/7/2021 18:58,70.230377,-148.382812,6954.42,-32198.83,-64834.25,72722.82024,72680.8444,999
12/7/2021 18:59,70.230377,-148.382812,6979.24,-32208.67,-64861.2,72753.58053,72680.07884,999
12/7/2021 19:00,70.230377,-148.382812,6813.19,-32179.96,-64806.51,72676.35876,72679.49888,999
12/7/2021 19:01,70.230377,-148.382812,6690.48,-32120.24,-64813.09,72644.40086,72669.33549,999
12/7/2021 19:03,70.230377,-148.382812,6900.35,-31998.42,-64793.7,72592.95608,72671.24484,999
12/7/2021 19:04,70.230377,-148.382812,6677.37,-32003.14,-64544.54,72351.82018,72667.54848,999
12/7/2021 19:05,70.230377,-148.382812,6671.53,-32097.24,-64559.44,72406.23883,72671.1867,999
12/7/2021 19:06,70.230377,-148.382812,6556.47,-32032.26,-64827.35,72606.04856,72658.09516,999
12/7/2021 19:07,70.230377,-148.382812,6578.66,-31919.65,-64932.95,72652.81013,72646.01003,999
12/7/2021 19:08,70.230377,-148.382812,6601.13,-31962.6,-64998.31,72732.13196,72628.94609,999
12/7/2021 19:10,70.230377,-148.382812,6499.05,-32064.99,-64816.7,72605.82507,72627.51739,999
12/7/2021 19:11,70.230377,-148.382812,6474.92,-31985.03,-64949.73,72687.23519,72623.59204,999
12/7/2021 19:12,70.230377,-148.382812,6676.19,-32107.03,-64756.58,72586.8276,72630.03663,999
12/7/2021 19:13,70.230377,-148.382812,6697.1,-32103.68,-64944.39,72754.8707,72625.10191,999
12/7/2021 19:14,70.230377,-148.382812,6805.76,-31944.74,-65007.54,72751.39201,72620.43075,999
12/7/2021 19:15,70.230377,-148.382812,6846.59,-32005.26,-64944.8,72725.78298,72621.00835,999
12/7/2021 19:17,70.230377,-148.382812,6746.68,-32062.65,-64801.77,72614.05244,72627.79829,999
12/7/2021 19:18,70.230377,-148.382812,6756.55,-32079.47,-64689.16,72521.93313,72627.38188,999
12/7/2021 19:19,70.230377,-148.382812,6922.88,-32131.38,-64691.74,72562.89046,72623.41975,999
12/7/2021 19:20,70.230377,-148.382812,6968.47,-31951.94,-64924.38,72695.67499,72613.68616,999
12/7/2021 19:21,70.230377,-148.382812,6801.68,-31903.53,-64947.2,72678.99879,72603.50899,999
12/7/2021 19:22,70.230377,-148.382812,6768.93,-31906.44,-65083.23,72798.80599,72598.85404,999
12/7/2021 19:24,70.230377,-148.382812,6612.41,-31904.05,-64822.86,72550.64129,72605.50989,999
12/7/2021 19:25,70.230377,-148.382812,6651.87,-31907.87,-64764.96,72504.20392,72608.07817,999
12/7/2021 19:26,70.230377,-148.382812,6720.49,-31934.26,-64586.47,72362.79469,72615.15126,999
12/7/2021 19:27,70.230377,-148.382812,6686.67,-31957.27,-64771.78,72535.24761,72613.63431,999
12/7/2021 19:28,70.230377,-148.382812,6776.22,-31958.37,-64832.36,72598.13685,72619.20394,999
12/7/2021 19:29,70.230377,-148.382812,7010.35,-31978.2,-64774.59,72577.52953,72635.72225,999
12/7/2021 19:31,70.230377,-148.382812,7038.4,-31985.82,-64733.79,72547.19377,72651.72954,999
12/7/2021 19:32,70.230377,-148.382812,6997.31,-31953.05,-64603.44,72412.45895,72657.34102,999
12/7/2021 19:33,70.230377,-148.382812,6783.96,-32066.62,-64778.81,72598.79101,72652.94817,999
12/7/2021 19:34,70.230377,-148.382812,6922.99,-32020.95,-64914.97,72713.28874,72652.59213,999
12/7/2021 19:35,70.230377,-148.382812,6773.09,-32043.6,-65020.82,72803.66806,72657.02768,999
12/7/2021 19:36,70.230377,-148.382812,6815.66,-32133.69,-65063.89,72885.78075,72674.74754,999
12/7/2021 19:38,70.230377,-148.382812,6825.08,-32103.48,-64866.27,72696.96093,72696.51788,999
12/7/2021 19:39,70.230377,-148.382812,6829.71,-32009.2,-64938.02,72719.87531,72712.90522,999
12/7/2021 19:40,70.230377,-148.382812,6727.78,-32036.83,-65064.81,72835.78105,72726.82769,999
12/7/2021 19:41,70.230377,-148.382812,6748.7,-32079.35,-65076.68,72867.02909,72739.77033,999
12/7/2021 19:42,70.230377,-148.382812,6700,-32062.37,-65017.6,72802.29309,72741.33879,999
12/7/2021 19:43,70.230377,-148.382812,6627.33,-31917.83,-64864.8,72595.53467,72755.30514,999
12/7/2021 19:45,70.230377,-148.382812,6674.36,-32127.47,-64976.61,72792.04117,72765.25013,999
12/7/2021 19:46,70.230377,-148.382812,6696.55,-32168.7,-64777.79,72634.91666,72771.1895,999
12/7/2021 19:47,70.230377,-148.382812,6661.36,-32225,-64984.38,72840.88128,72776.32505,999
12/7/2021 19:48,70.230377,-148.382812,6838.59,-32095.67,-64957.76,72776.43114,72765.74038,999
12/7/2021 19:49,70.230377,-148.382812,6818.43,-32088.88,-65041.84,72846.60704,72773.02059,999
12/7/2021 19:50,70.230377,-148.382812,6782.35,-32048.67,-65083.41,72862.66381,72788.03687,999
12/7/2021 19:52,70.230377,-148.382812,6801.43,-32079.38,-65022.36,72823.43971,72787.2823,999
12/7/2021 19:53,70.230377,-148.382812,6998.47,-32134.98,-64697.64,72576.99459,72783.63148,999
12/7/2021 19:54,70.230377,-148.382812,6879.63,-32139.37,-64821.27,72677.81957,72782.7961,999
12/7/2021 19:55,70.230377,-148.382812,6783,-32106.87,-64970.73,72787.74586,72787.86895,999
12/7/2021 19:56,70.230377,-148.382812,6673.19,-32145.18,-65006.17,72826.13679,72774.95373,999
12/7/2021 19:57,70.230377,-148.382812,6759.4,-32137.13,-65085.38,72901.24349,72767.56575,999
12/7/2021 19:59,70.230377,-148.382812,7064.99,-32171.24,-64793.2,72684.67193,72757.99754,999
12/7/2021 20:00,70.230377,-148.382812,7107.29,-32176.06,-64955.11,72835.28488,72755.64042,999
12/7/2021 20:01,70.230377,-148.382812,6890.45,-32064.64,-65223.75,73005.18477,72753.00599,999
12/7/2021 20:02,70.230377,-148.382812,6929.31,-32023.27,-65034.28,72821.44419,72735.77673,999
12/7/2021 20:03,70.230377,-148.382812,6872.11,-31928.86,-65060.14,72797.66352,72738.43958,999
12/7/2021 20:04,70.230377,-148.382812,6891.24,-31958.68,-65030.89,72786.42092,72749.05561,999
12/7/2021 20:06,70.230377,-148.382812,6682.07,-31980.56,-64936.19,72691.91873,72751.79467,999
12/7/2021 20:07,70.230377,-148.382812,6652.4,-31997.54,-64768.2,72546.65205,72752.56685,999
12/7/2021 20:08,70.230377,-148.382812,6754.77,-32019.76,-64688.23,72494.54496,72747.70043,999
12/7/2021 20:09,70.230377,-148.382812,6716.92,-32102.28,-64835.71,72659.08537,72739.11724,999
12/7/2021 20:10,70.230377,-148.382812,6561.55,-32152.26,-64908.17,72731.64576,72735.33191,999
12/7/2021 20:11,70.230377,-148.382812,6693.02,-32078.65,-65003.86,72796.55292,72718.9101,999
12/7/2021 20:13,70.230377,-148.382812,6784.97,-32071.32,-64705.22,72535.30781,72699.38656,999
12/7/2021 20:14,70.230377,-148.382812,6850.99,-32080.72,-65073.16,72874.03387,72693.41152,999
12/7/2021 20:15,70.230377,-148.382812,6746.61,-32197.75,-64919.39,72778.69915,72683.11441,999
12/7/2021 20:16,70.230377,-148.382812,6710.38,-32170,-64882.16,72729.86172,72670.00687,999
12/7/2021 20:17,70.230377,-148.382812,6781.03,-32015.08,-65032.64,72802.41741,72672.76014,999
12/7/2021 20:18,70.230377,-148.382812,6768.68,-32034.05,-64947.61,72733.67468,72679.17729,999
12/7/2021 20:20,70.230377,-148.382812,6787.45,-32145.36,-64895.66,72738.16284,72679.35896,999
12/7/2021 20:21,70.230377,-148.382812,6703.24,-32167.96,-64752.61,72612.7508,72676.67442,999
12/7/2021 20:22,70.230377,-148.382812,6736.66,-32057.91,-64703.42,72523.27034,72666.45687,999
12/7/2021 20:23,70.230377,-148.382812,6791.82,-32070.42,-64815.83,72634.23763,72649.60395,999
12/7/2021 20:24,70.230377,-148.382812,6773.81,-32199.35,-64836.4,72707.91846,72649.41581,999
12/7/2021 20:25,70.230377,-148.382812,6682.33,-32156.82,-64748.27,72602.01839,72636.30919,999
12/7/2021 20:27,70.230377,-148.382812,6806.53,-32143.62,-64669.39,72537.37768,72633.58129,999
12/7/2021 20:28,70.230377,-148.382812,6642.23,-32130.46,-64924.86,72744.23087,72625.52829,999
12/7/2021 20:29,70.230377,-148.382812,6909.56,-32131.21,-64811.77,72668.57784,72609.32572,999
12/7/2021 20:30,70.230377,-148.382812,6813.5,-32132.52,-64630,72497.99669,72593.47949,999
12/7/2021 20:31,70.230377,-148.382812,7042.5,-32194.8,-64698,72608.07915,72588.78786,999
12/7/2021 20:32,70.230377,-148.382812,6945.37,-32100.03,-64676.43,72537.51228,72591.72534,999
12/7/2021 20:34,70.230377,-148.382812,6788.17,-32195.78,-64576.88,72476.3474,72590.50545,999
12/7/2021 20:35,70.230377,-148.382812,6759.42,-32075.49,-64701.82,72531.73325,72592.44181,999
12/7/2021 20:36,70.230377,-148.382812,6722.94,-32127.91,-64784.19,72625.00807,72589.54851,999
12/7/2021 20:37,70.230377,-148.382812,6890.2,-32074.63,-64907.17,72726.86892,72592.12059,999
12/7/2021 20:38,70.230377,-148.382812,7008.45,-32014.31,-64756.2,72576.85481,72597.34904,999
12/7/2021 20:39,70.230377,-148.382812,6793.09,-32092.45,-64648.21,72494.56859,72590.99689,999
12/7/2021 20:41,70.230377,-148.382812,6919.14,-32143.53,-64539.91,72432.59627,72596.09916,999
12/7/2021 20:42,70.230377,-148.382812,6860.16,-32145.83,-64787.84,72649.02197,72603.51857,999
12/7/2021 20:43,70.230377,-148.382812,7070,-32097.83,-64810.99,72668.56277,72609.73141,999
12/7/2021 20:44,70.230377,-148.382812,6944.21,-32146.83,-64611.32,72500.09244,72613.72609,999
12/7/2021 20:45,70.230377,-148.382812,6838.89,-32065.95,-64854.32,72671.02854,72614.7398,999
12/7/2021 20:46,70.230377,-148.382812,6851.47,-32160.74,-64785.76,72652.94583,72616.08149,999
12/7/2021 20:48,70.230377,-148.382812,6996.77,-32134.91,-64780.74,72650.88785,72607.90808,999
12/7/2021 20:49,70.230377,-148.382812,6804.9,-32138.88,-64783.32,72636.71814,72598.80124,999
12/7/2021 20:50,70.230377,-148.382812,6943.42,-32140.05,-64753.26,72623.54009,72593.83738,999
12/7/2021 20:51,70.230377,-148.382812,6697.74,-32261.21,-64878.16,72765.52093,72594.21344,999
12/7/2021 20:52,70.230377,-148.382812,6821.32,-32266.51,-64720.64,72638.96555,72592.32363,999
12/7/2021 20:53,70.230377,-148.382812,6927.57,-32302.59,-64789.2,72726.12312,72586.92457,999
12/7/2021 20:55,70.230377,-148.382812,6931.48,-32291.87,-64667.59,72613.41115,72576.10553,999
12/7/2021 20:56,70.230377,-148.382812,6962.09,-32204.37,-64575.7,72495.60797,72564.97992,999
12/7/2021 20:57,70.230377,-148.382812,6741.66,-32267.88,-64636.56,72557.22533,72556.01971,999
12/7/2021 20:58,70.230377,-148.382812,6634.69,-32224.24,-64571.19,72469.71321,72558.03625,999
12/7/2021 20:59,70.230377,-148.382812,6582.85,-32370.15,-64597.98,72553.83894,72556.98155,999
12/7/2021 21:00,70.230377,-148.382812,6750.21,-32172.6,-64599.36,72482.54161,72551.39016,999
12/7/2021 21:02,70.230377,-148.382812,6815.19,-32135.64,-64632.44,72501.71359,72560.09574,999
12/7/2021 21:03,70.230377,-148.382812,6880.38,-32180.46,-64485.34,72396.68991,72553.39617,999
12/7/2021 21:04,70.230377,-148.382812,6746.99,-32194.83,-64660.32,72546.43985,72550.77269,999
12/7/2021 21:05,70.230377,-148.382812,6865.93,-31989.01,-64656.39,72463.00107,72551.92451,999
12/7/2021 21:06,70.230377,-148.382812,6757.99,-32046.86,-64443.66,72288.70575,72553.70313,999
12/7/2021 21:07,70.230377,-148.382812,6827.66,-32154.18,-64620.86,72500.78468,72565.5421,999
12/7/2021 21:09,70.230377,-148.382812,6802.21,-32169.51,-64829.56,72691.26003,72575.45864,999
12/7/2021 21:10,70.230377,-148.382812,6807.53,-32083.54,-64803.89,72630.84856,72578.75138,999
12/7/2021 21:11,70.230377,-148.382812,6691.38,-32128.49,-64681.19,72530.4817,72575.85247,999
12/7/2021 21:12,70.230377,-148.382812,6759.34,-32236.99,-64910.08,72788.94619,72588.86619,999
12/7/2021 21:13,70.230377,-148.382812,6769.31,-32218.29,-64749.29,72638.22908,72600.56637,999
12/7/2021 21:14,70.230377,-148.382812,6788.8,-32312.17,-64645.31,72589.1193,72623.97403,999
12/7/2021 21:16,70.230377,-148.382812,6795.29,-32301.56,-64828.28,72748.00776,72635.69466,999
12/7/2021 21:17,70.230377,-148.382812,6886.37,-32291.55,-64710.51,72647.20502,72639.86825,999
12/7/2021 21:18,70.230377,-148.382812,6831.95,-32172.66,-64857.71,72720.54826,72661.86568,999
12/7/2021 21:19,70.230377,-148.382812,6748.97,-32224.78,-64868.66,72745.63968,72667.02808,999
12/7/2021 21:20,70.230377,-148.382812,6787.06,-32092.88,-64690.91,72532.27535,72669.3287,999
12/7/2021 21:21,70.230377,-148.382812,6714.15,-32069.36,-64672.61,72498.75961,72661.22831,999
12/7/2021 21:23,70.230377,-148.382812,6804.19,-32203.72,-64855.59,72729.80227,72677.01491,999
12/7/2021 21:24,70.230377,-148.382812,6766.43,-32297.12,-64806.59,72724.01696,72680.67079,999
12/7/2021 21:25,70.230377,-148.382812,6632.13,-32227.22,-64986.89,72841.43552,72681.02809,999
12/7/2021 21:26,70.230377,-148.382812,6628.47,-32310.97,-64864.56,72769.13179,72683.99242,999
12/7/2021 21:27,70.230377,-148.382812,6657.11,-32126.53,-64698.95,72542.29921,72683.28555,999
12/7/2021 21:28,70.230377,-148.382812,6831.37,-32186.05,-64835.55,72706.65702,72698.52036,999
12/7/2021 21:30,70.230377,-148.382812,6651.4,-32066.83,-64792.54,72598.87016,72692.51825,999
12/7/2021 21:31,70.230377,-148.382812,6867.94,-32161.45,-64875.64,72734.97186,72692.52756,999
12/7/2021 21:32,70.230377,-148.382812,6915.29,-32134.8,-64594.43,72476.94112,72705.39216,999
12/7/2021 21:33,70.230377,-148.382812,6805.59,-32159.37,-64990.23,72830.42722,72714.62547,999
12/7/2021 21:34,70.230377,-148.382812,6778.56,-32237.86,-64985.53,72858.4079,72723.15139,999
12/7/2021 21:35,70.230377,-148.382812,6896.78,-32149.46,-64777.66,72645.01764,72718.02672,999
12/7/2021 21:37,70.230377,-148.382812,6834.09,-32217.52,-64750.96,72645.44172,72714.71253,999
12/7/2021 21:38,70.230377,-148.382812,6861.85,-32098.38,-64907.07,72734.5772,72700.2744,999
12/7/2021 21:39,70.230377,-148.382812,6744.43,-32294.71,-65048.61,72936.66631,72704.65536,999
12/7/2021 21:40,70.230377,-148.382812,6699.91,-32260.69,-64699.8,72606.5082,72702.0318,999
12/7/2021 21:41,70.230377,-148.382812,6969.03,-32290.55,-64812.86,72745.81651,72680.23098,999
12/7/2021 21:42,70.230377,-148.382812,6898.59,-32140.94,-64929.33,72776.70274,72661.4387,999
12/7/2021 21:44,70.230377,-148.382812,6848.3,-32041.47,-64868.97,72674.19268,72659.08384,999
12/7/2021 21:45,70.230377,-148.382812,6809.81,-32182.87,-65046.93,72891.79471,72640.47417,999
12/7/2021 21:46,70.230377,-148.382812,6774.37,-32167.08,-64761.23,72626.64825,72616.08264,999
12/7/2021 21:47,70.230377,-148.382812,6956.35,-32155.81,-64917.78,72778.46579,72601.6548,999
12/7/2021 21:48,70.230377,-148.382812,6727.82,-32116.58,-64643.32,72494.80736,72595.70955,999
12/7/2021 21:49,70.230377,-148.382812,6738,-32186.72,-64754.02,72625.53748,72601.70365,999
12/7/2021 21:51,70.230377,-148.382812,6722.85,-32089.24,-64839,72656.80943,72593.53702,999
12/7/2021 21:52,70.230377,-148.382812,6791.99,-31976.25,-64358.47,72184.65455,72614.14698,999
12/7/2021 21:53,70.230377,-148.382812,6879.54,-32110.04,-64499.46,72377.91845,72618.31316,999
12/7/2021 21:54,70.230377,-148.382812,6870.35,-32066.52,-64582.97,72432.19883,72624.37493,999
12/7/2021 21:55,70.230377,-148.382812,7003.8,-32044.65,-64629.56,72476.84343,72628.24064,999
12/7/2021 21:56,70.230377,-148.382812,6911.28,-32126.43,-64507.04,72394.96878,72628.06735,999
12/7/2021 21:58,70.230377,-148.382812,6678.62,-31996.29,-64569.18,72370.88879,72646.23791,999
12/7/2021 21:59,70.230377,-148.382812,6713.54,-32110.6,-64690.02,72532.48196,72666.06739,999
12/7/2021 22:00,70.230377,-148.382812,6730.1,-32146.35,-65024.74,72848.46516,72698.52959,999
12/7/2021 22:01,70.230377,-148.382812,6742.31,-32170.71,-64936.38,72781.50021,72722.38482,999
12/7/2021 22:02,70.230377,-148.382812,6596.9,-32144.86,-65206.68,72998.09745,72743.49703,999
12/7/2021 22:03,70.230377,-148.382812,6563.5,-32118.74,-65029.1,72824.974,72779.19145,999
12/7/2021 22:05,70.230377,-148.382812,6595.55,-32205.86,-65057.72,72891.87629,72811.12101,999
12/7/2021 22:06,70.230377,-148.382812,6489.8,-32104.32,-64957.02,72747.64129,72834.92685,999
12/7/2021 22:07,70.230377,-148.382812,6518.81,-32121.55,-65103.34,72888.50209,72859.58402,999
12/7/2021 22:08,70.230377,-148.382812,6615.93,-32207.9,-65144.28,72971.88889,72879.75335,999
12/7/2021 22:09,70.230377,-148.382812,6555.84,-32218.28,-65350.52,73155.22585,72897.40237,999
12/7/2021 22:10,70.230377,-148.382812,6542.46,-32089.72,-65366.28,73111.58919,72912.02777,999
12/7/2021 22:12,70.230377,-148.382812,6514.74,-32164.41,-65295.62,73078.78693,72910.88285,999
12/7/2021 22:13,70.230377,-148.382812,6707.69,-32217.21,-65226.69,73057.94148,72918.8972,999
12/7/2021 22:14,70.230377,-148.382812,6525.06,-32218.51,-65026.04,72862.84837,72909.21337,999
12/7/2021 22:15,70.230377,-148.382812,6528.82,-32281.59,-65130.81,72984.58025,72906.29955,999
12/7/2021 22:16,70.230377,-148.382812,6472.42,-32201.3,-65064.09,72884.50967,72899.49199,999
12/7/2021 22:17,70.230377,-148.382812,6504.17,-32211.29,-65124.11,72945.32976,72916.70908,999
12/7/2021 22:19,70.230377,-148.382812,6391.82,-32065.57,-65020.06,72778.18591,72931.48213,999
12/7/2021 22:20,70.230377,-148.382812,6436.36,-32092.91,-64921.59,72706.22016,72950.90056,999
12/7/2021 22:21,70.230377,-148.382812,6557.11,-32194.32,-64975.99,72810.3647,72960.85766,999
12/7/2021 22:22,70.230377,-148.382812,6562.01,-32159.68,-65010.96,72826.71154,72973.3884,999
12/7/2021 22:23,70.230377,-148.382812,6435.22,-32066.8,-65189.29,72933.77304,72979.79791,999
12/7/2021 22:24,70.230377,-148.382812,6563.85,-32101.37,-65025.47,72814.10462,72986.25114,999
12/7/2021 22:26,70.230377,-148.382812,6572.54,-32130.47,-64960.38,72769.61147,73014.632,999
12/7/2021 22:27,70.230377,-148.382812,6488.39,-32197.93,-64927.5,72762.53265,73017.23818,999
12/7/2021 22:28,70.230377,-148.382812,6653.79,-32211.24,-65254,73074.76596,73036.13283,999
12/7/2021 22:29,70.230377,-148.382812,6640.35,-32190.19,-65371.46,73169.18998,73051.81163,999
12/7/2021 22:30,70.230377,-148.382812,6658.8,-32440.06,-65438.38,73340.83915,73075.6513,999
12/7/2021 22:31,70.230377,-148.382812,6447.96,-32492.38,-65437.54,73344.41074,73098.28837,999
12/7/2021 22:33,70.230377,-148.382812,6523.4,-32361.96,-65500.56,73349.67323,73107.38767,999
12/7/2021 22:34,70.230377,-148.382812,6345.49,-32290.3,-65386.5,73200.56762,73115.26108,999
12/7/2021 22:35,70.230377,-148.382812,6433.35,-32351.36,-65325.3,73180.55279,73121.23782,999
12/7/2021 22:36,70.230377,-148.382812,6514.55,-32306.63,-65587.41,73402.08481,73132.38761,999
12/7/2021 22:37,70.230377,-148.382812,6513.48,-32330.59,-65163.54,73034.09763,73142.59429,999
12/7/2021 22:38,70.230377,-148.382812,6641.96,-32314.98,-65392.95,73243.50807,73152.0275,999
12/7/2021 22:40,70.230377,-148.382812,6584.42,-32285.12,-65413.2,73243.22695,73147.31775,999
12/7/2021 22:41,70.230377,-148.382812,6616.6,-32343.71,-65367.46,73231.13954,73130.25218,999
12/7/2021 22:42,70.230377,-148.382812,6638.24,-32295.45,-65282.92,73136.32452,73124.2463,999
12/7/2021 22:43,70.230377,-148.382812,6500.33,-32158.02,-65193.27,72983.25146,73117.28963,999
12/7/2021 22:44,70.230377,-148.382812,6595.16,-32091.8,-65208.6,72976.30627,73099.34745,999
12/7/2021 22:45,70.230377,-148.382812,6699.58,-32097.44,-65274.67,73047.33103,73088.55906,999
12/7/2021 22:47,70.230377,-148.382812,6705.17,-32164.78,-65217,73025.95064,73079.55762,999
12/7/2021 22:48,70.230377,-148.382812,6680.92,-32239.41,-65112.7,72963.5385,73066.76516,999
12/7/2021 22:49,70.230377,-148.382812,6665.83,-32096.51,-65160.43,72941.76363,73066.63399,999
12/7/2021 22:50,70.230377,-148.382812,6643.06,-32262.04,-65129.73,72985.28071,73061.18562,999
12/7/2021 22:51,70.230377,-148.382812,6670.27,-32198.77,-65001.02,72844.94418,73058.34498,999
12/7/2021 22:52,70.230377,-148.382812,6696.98,-32165.63,-65442.16,73226.72736,73056.61761,999
12/7/2021 22:54,70.230377,-148.382812,6657.71,-32214.16,-65406.07,73212.23395,73051.93085,999
12/7/2021 22:55,70.230377,-148.382812,6527.44,-32171.85,-65212.31,73008.77194,73059.8427,999
12/7/2021 22:56,70.230377,-148.382812,6711.03,-31964.04,-65281.07,72995.58807,73060.8959,999
12/7/2021 22:57,70.230377,-148.382812,6596.85,-32066.34,-65258.12,73009.52552,73050.41027,999
12/7/2021 22:58,70.230377,-148.382812,6736.38,-32071.64,-65408.52,73159.02813,73037.22471,999
12/7/2021 22:59,70.230377,-148.382812,6496.87,-32072.32,-65289.91,73031.60533,73031.66616,999
12/7/2021 23:01,70.230377,-148.382812,6513.75,-32078.69,-65406.32,73139.98897,73028.60721,999
12/7/2021 23:02,70.230377,-148.382812,6529.04,-32139.7,-65429.95,73189.25492,73033.69297,999
12/7/2021 23:03,70.230377,-148.382812,6631.6,-32125.62,-65436.69,73198.3195,73040.17574,999
12/7/2021 23:04,70.230377,-148.382812,6476.63,-32053.78,-65318.55,73047.27594,73021.95559,999
12/7/2021 23:05,70.230377,-148.382812,6385.34,-32122.07,-65390.52,73133.57679,73010.41196,999
12/7/2021 23:06,70.230377,-148.382812,6547.49,-32076.5,-65243.32,72996.31691,73013.0739,999
12/7/2021 23:08,70.230377,-148.382812,6523.42,-32239.19,-64999.43,72848.10417,73007.87583,999
12/7/2021 23:09,70.230377,-148.382812,6692.06,-32190.34,-64925.04,72775.42494,72994.56966,999
12/7/2021 23:10,70.230377,-148.382812,6680.21,-32174.16,-65026.73,72857.92607,72962.15974,999
12/7/2021 23:11,70.230377,-148.382812,6645.11,-32067.96,-65111.55,72883.64349,72944.91804,999
12/7/2021 23:12,70.230377,-148.382812,6695.18,-32272.77,-65227.36,73081.91029,72915.17066,999
12/7/2021 23:13,70.230377,-148.382812,6612.75,-32240.78,-65124.11,72968.11674,72896.65785,999
12/7/2021 23:15,70.230377,-148.382812,6823.86,-32166.76,-65040.82,72880.5446,72884.57805,999
12/7/2021 23:16,70.230377,-148.382812,6565.6,-32268.03,-65143.16,72992.90485,72870.99798,999
12/7/2021 23:17,70.230377,-148.382812,6606.39,-32259.02,-65217.94,73059.34887,72843.15663,999
12/7/2021 23:18,70.230377,-148.382812,6716.83,-32088.84,-65108.66,72896.82479,72827.57292,999
12/7/2021 23:19,70.230377,-148.382812,6735.62,-31989.63,-64998.72,72756.70832,72834.0166,999
12/7/2021 23:20,70.230377,-148.382812,6789.49,-31885.41,-64805.44,72543.23951,72848.69559,999
12/7/2021 23:22,70.230377,-148.382812,6734.2,-31953.83,-64957.5,72704.01301,72861.12764,999
12/7/2021 23:23,70.230377,-148.382812,6926.29,-31949.3,-64794.82,72574.78875,72864.03639,999
12/7/2021 23:24,70.230377,-148.382812,6818.25,-31941.84,-65104.02,72837.5116,72853.7813,999
12/7/2021 23:25,70.230377,-148.382812,6758.64,-32079.02,-65189.75,72968.80322,72851.76035,999
12/7/2021 23:26,70.230377,-148.382812,6800.79,-32139.41,-64954.47,72789.25465,72858.95551,999
12/7/2021 23:27,70.230377,-148.382812,6625.15,-31940.5,-64864,72604.5911,72854.46113,999
12/7/2021 23:29,70.230377,-148.382812,6648.39,-32072.57,-64903.56,72700.22652,72839.46198,999
12/7/2021 23:30,70.230377,-148.382812,6782.71,-32122.04,-65168,72970.534,72840.62994,999
12/7/2021 23:31,70.230377,-148.382812,6767.23,-32103.58,-65272.5,73054.32572,72846.90219,999
12/7/2021 23:32,70.230377,-148.382812,6720.2,-32080.41,-65333.29,73094.13503,72857.58293,999
12/7/2021 23:33,70.230377,-148.382812,6700.39,-32174.08,-65115.42,72938.90986,72866.25383,999
12/7/2021 23:34,70.230377,-148.382812,6753,-32015.95,-65129.87,72887.06353,72883.79266,999
12/7/2021 23:36,70.230377,-148.382812,6794.27,-32063.16,-65150.1,72929.71866,72893.48828,999
12/7/2021 23:37,70.230377,-148.382812,6834.78,-32007.55,-65271.14,73017.2527,72895.46897,999
12/7/2021 23:38,70.230377,-148.382812,6857.35,-31903.11,-65197.19,72907.51169,72889.33097,999
12/7/2021 23:39,70.230377,-148.382812,6730.17,-31969.15,-65029.12,72774.36491,72900.51685,999
12/7/2021 23:40,70.230377,-148.382812,6712.49,-31931.38,-65211.29,72919.016,72919.66151,999
12/7/2021 23:41,70.230377,-148.382812,6652.46,-31974.12,-65148.25,72875.88114,72913.29344,999
12/7/2021 23:43,70.230377,-148.382812,6689.42,-31913.92,-65028.91,72746.17355,72903.69854,999
12/7/2021 23:44,70.230377,-148.382812,6746.81,-31883.13,-65175.17,72868.76017,72888.48595,999
12/7/2021 23:45,70.230377,-148.382812,6658.06,-31896.34,-65221.73,72908.02653,72876.19961,999
12/7/2021 23:46,70.230377,-148.382812,6635.27,-31978.95,-65310.74,73021.72834,72868.27217,999
12/7/2021 23:47,70.230377,-148.382812,6689.13,-31986.74,-65284.33,73006.43629,72859.84569,999
12/7/2021 23:48,70.230377,-148.382812,6669.92,-32021.59,-64895.62,72672.63277,72850.5559,999
12/7/2021 23:50,70.230377,-148.382812,6775.83,-32101.58,-65007,72817.12271,72838.94353,999
12/7/2021 23:51,70.230377,-148.382812,6884.62,-32045.07,-65299.77,73063.97516,72847.44711,999
12/7/2021 23:52,70.230377,-148.382812,6990.7,-32093.27,-65024.67,72849.54066,72849.93888,999
12/7/2021 23:53,70.230377,-148.382812,6928.06,-31985.95,-65109.39,72872.02261,72841.94357,999
12/7/2021 23:54,70.230377,-148.382812,6710.23,-31960.15,-65069.99,72805.09579,72836.36784,999
12/7/2021 23:55,70.230377,-148.382812,6778.86,-31873.42,-64993.98,72705.46941,72834.2084,999
12/7/2021 23:57,70.230377,-148.382812,6855.81,-31906.3,-65004.43,72736.44224,72827.01489,999
12/7/2021 23:58,70.230377,-148.382812,6694.82,-32048.02,-64988.62,72769.61543,72812.36853,999
12/7/2021 23:59,70.230377,-148.382812,6712.34,-32034.46,-65073.13,72840.74673,72799.25354,999
12/8/2021 0:00,70.230377,-148.382812,6812.38,-32130.12,-64843.11,72686.87672,72807.3087,999
12/8/2021 0:01,70.230377,-148.382812,6774.42,-32071.72,-65154.91,72935.93276,72805.02442,999
12/8/2021 0:02,70.230377,-148.382812,6650.06,-32155.43,-65160.53,72966.35969,72788.62275,999
12/8/2021 0:04,70.230377,-148.382812,6846.54,-31987.51,-64951.52,72723.9703,72782.4417,999
12/8/2021 0:05,70.230377,-148.382812,6759.46,-32024.54,-64848.61,72640.23459,72777.60206,999
12/8/2021 0:06,70.230377,-148.382812,6777.52,-31893.23,-65121.16,72827.73082,72762.30551,999
12/8/2021 0:07,70.230377,-148.382812,6790.31,-31971.17,-65018.5,72771.34988,72752.50002,999
12/8/2021 0:08,70.230377,-148.382812,6708.02,-31961.46,-65000.59,72743.44753,72745.66864,999
12/8/2021 0:09,70.230377,-148.382812,6770.76,-32124.02,-64929.36,72757.25147,72741.94076,999
12/8/2021 0:11,70.230377,-148.382812,6765.77,-32237.98,-64950.11,72825.68082,72734.34071,999
12/8/2021 0:12,70.230377,-148.382812,6828.51,-32147.74,-64930.03,72773.72144,72738.47818,999
12/8/2021 0:13,70.230377,-148.382812,6860.82,-32161.79,-64895.7,72752.34337,72732.52361,999
12/8/2021 0:14,70.230377,-148.382812,6972.78,-32107.64,-64887.89,72732.10073,72721.10194,999
12/8/2021 0:15,70.230377,-148.382812,6811.67,-32110.39,-64957.39,72780.06945,72731.73758,999
12/8/2021 0:16,70.230377,-148.382812,6956.78,-32049.65,-64674.34,72514.46137,72741.84706,999
12/8/2021 0:18,70.230377,-148.382812,6795.94,-31837.02,-64801.61,72519.16506,72733.78787,999
12/8/2021 0:19,70.230377,-148.382812,6791.91,-31899.58,-64869.19,72606.64609,72733.13553,999
12/8/2021 0:20,70.230377,-148.382812,6945.32,-31930.56,-64940.86,72698.78561,72740.11359,999
12/8/2021 0:21,70.230377,-148.382812,6692.84,-31895.88,-64981.67,72696.34588,72747.19099,999
12/8/2021 0:22,70.230377,-148.382812,6808.28,-31884.32,-65052.7,72765.48849,72749.42208,999
12/8/2021 0:23,70.230377,-148.382812,6818.86,-31994.18,-65061.78,72822.79603,72751.33207,999
12/8/2021 0:25,70.230377,-148.382812,6692.41,-32092.95,-64943.99,72749.34796,72756.7811,999
12/8/2021 0:26,70.230377,-148.382812,6924.13,-31960.22,-65182.89,72926.04739,72767.27052,999
12/8/2021 0:27,70.230377,-148.382812,6844.09,-32071.42,-65031.75,72832.31465,72780.77066,999
12/8/2021 0:28,70.230377,-148.382812,6823.5,-32134.63,-64825.95,72674.60623,72803.2741,999
12/8/2021 0:29,70.230377,-148.382812,6750.31,-32166.37,-64912.43,72758.95555,72824.44974,999
12/8/2021 0:30,70.230377,-148.382812,6804.47,-32075.54,-65082.83,72876.03062,72842.38186,999
12/8/2021 0:32,70.230377,-148.382812,6767,-32123.57,-65080.62,72891.72201,72848.60098,999
12/8/2021 0:33,70.230377,-148.382812,6774.47,-32114.44,-65057.86,72868.07153,72853.43071,999
12/8/2021 0:34,70.230377,-148.382812,6848.1,-32070.97,-65006.57,72810.01122,72851.34584,999
12/8/2021 0:35,70.230377,-148.382812,6864.91,-32161.23,-65011.59,72855.87511,72850.73779,999
12/8/2021 0:36,70.230377,-148.382812,6858.51,-32173.13,-65091.01,72931.39952,72852.4,999
12/8/2021 0:37,70.230377,-148.382812,6856.61,-32134.59,-65228.03,73036.57216,72851.45974,999
12/8/2021 0:39,70.230377,-148.382812,6598.19,-32118.73,-65156.66,72942.02678,72864.49765,999
12/8/2021 0:40,70.230377,-148.382812,6756.16,-31977.35,-65187.03,72921.50226,72877.06094,999
12/8/2021 0:41,70.230377,-148.382812,6577.03,-32080.57,-65183.56,72947.35629,72879.8399,999
12/8/2021 0:42,70.230377,-148.382812,6624.49,-32041.66,-65051.95,72816.94887,72885.31755,999
12/8/2021 0:43,70.230377,-148.382812,6693.14,-32020.28,-65023.17,72788.11092,72881.26297,999
12/8/2021 0:44,70.230377,-148.382812,6842.92,-32080.82,-64908,72725.87593,72877.19295,999
12/8/2021 0:46,70.230377,-148.382812,6788.6,-32175.16,-64962.69,72811.24297,72873.43591,999
12/8/2021 0:47,70.230377,-148.382812,6649,-32130.67,-64965.18,72780.92998,72873.65756,999
12/8/2021 0:48,70.230377,-148.382812,6698.06,-32068.15,-65133.5,72908.18249,72874.23191,999
12/8/2021 0:49,70.230377,-148.382812,6699.65,-31976.84,-65370.39,73080.03486,72874.08489,999
12/8/2021 0:50,70.230377,-148.382812,6873.94,-32035.38,-65137.04,72913.30882,72881.71539,999
12/8/2021 0:51,70.230377,-148.382812,6894.25,-32089.42,-64994.54,72811.75584,72882.15941,999
12/8/2021 0:53,70.230377,-148.382812,6889.15,-32230.56,-65113.95,72980.10599,72868.48816,999
12/8/2021 0:54,70.230377,-148.382812,6896.29,-32033.12,-65025.37,72814.68489,72866.04255,999
12/8/2021 0:55,70.230377,-148.382812,6927.75,-32066.6,-64978.7,72790.74123,72853.82299,999
12/8/2021 0:56,70.230377,-148.382812,6799.68,-32130.7,-64902.16,72738.62731,72856.30426,999
12/8/2021 0:57,70.230377,-148.382812,6774.51,-32055.86,-65077.8,72860.08646,72854.00819,999
12/8/2021 0:58,70.230377,-148.382812,6966.17,-31932.05,-65210.41,72942.31223,72858.98104,999
12/8/2021 1:00,70.230377,-148.382812,6952.99,-32101.73,-65230.88,73033.77879,72850.23781,999
12/8/2021 1:01,70.230377,-148.382812,6937.31,-31968.73,-65357.36,73087.00619,72833.8793,999
12/8/2021 1:02,70.230377,-148.382812,6954.09,-32018.86,-65155.27,72929.93879,72829.22413,999
12/8/2021 1:03,70.230377,-148.382812,7027.48,-32137.25,-64817.43,72687.60241,72830.52454,999
12/8/2021 1:04,70.230377,-148.382812,7041.5,-31951.84,-65000.31,72770.48235,72830.98932,999
12/8/2021 1:05,70.230377,-148.382812,6982.62,-31914.06,-64785.03,72555.93925,72839.7585,999
12/8/2021 1:07,70.230377,-148.382812,6812.44,-32033.8,-64987.22,72773.02003,72841.55863,999
12/8/2021 1:08,70.230377,-148.382812,6975.36,-31990.86,-64985.04,72767.61776,72844.41459,999
12/8/2021 1:09,70.230377,-148.382812,7006.44,-31984.99,-65105.27,72875.41402,72826.36118,999
12/8/2021 1:10,70.230377,-148.382812,6975.08,-31891.85,-65005.12,72742.06117,72812.16188,999
12/8/2021 1:11,70.230377,-148.382812,7042.53,-31930.55,-65009.25,72769.22315,72797.20827,999
12/8/2021 1:12,70.230377,-148.382812,6845.45,-31951.03,-65082.5,72824.86052,72780.82988,999
12/8/2021 1:14,70.230377,-148.382812,6975.76,-32022.89,-65046.32,72836.46379,72785.38234,999
12/8/2021 1:15,70.230377,-148.382812,6995.56,-32024.86,-65213.92,72988.93669,72806.04442,999
12/8/2021 1:16,70.230377,-148.382812,6803.72,-32095.19,-65191.09,72981.29926,72825.19237,999
12/8/2021 1:17,70.230377,-148.382812,7049.35,-31974.22,-65049.43,72824.94369,72837.02257,999
12/8/2021 1:18,70.230377,-148.382812,6870.81,-31841.48,-65097.75,72792.89068,72868.16628,999
12/8/2021 1:19,70.230377,-148.382812,6778.81,-31869.02,-64785.33,72517.07167,72890.68141,999
12/8/2021 1:21,70.230377,-148.382812,6898.39,-31879.43,-64941.59,72672.52544,72893.27792,999
12/8/2021 1:22,70.230377,-148.382812,6695.92,-31930.22,-65024.14,72749.66032,72902.827,999
12/8/2021 1:23,70.230377,-148.382812,6741.96,-31920.74,-65053.3,72775.81678,72907.26735,999
12/8/2021 1:24,70.230377,-148.382812,6745.79,-32091,-65238.5,73016.43545,72912.43536,999
12/8/2021 1:25,70.230377,-148.382812,6833.73,-32126.8,-65283.09,73080.18188,72909.2261,999
12/8/2021 1:26,70.230377,-148.382812,6900.75,-32072.29,-65363.39,73134.29352,72894.1877,999
12/8/2021 1:28,70.230377,-148.382812,6802.01,-31983.73,-65021.58,72780.71304,72877.16491,999
12/8/2021 1:29,70.230377,-148.382812,6755.01,-32125.6,-65610.23,73364.7505,72880.55566,999
12/8/2021 1:30,70.230377,-148.382812,6881.95,-31886.27,-65524.59,73195.40522,72891.30167,999
12/8/2021 1:31,70.230377,-148.382812,6854.96,-32044.01,-65147.6,72924.74778,72909.26473,999
12/8/2021 1:32,70.230377,-148.382812,6735.75,-31872.45,-65242.72,72923.49354,72928.00091,999
12/8/2021 1:33,70.230377,-148.382812,6755.82,-31949.88,-65124.57,72853.58985,72938.12414,999
12/8/2021 1:35,70.230377,-148.382812,6811.45,-31928.73,-65206.84,72923.05282,72947.57591,999
12/8/2021 1:36,70.230377,-148.382812,7031.62,-31850.96,-65056.47,72775.48778,72952.83051,999
12/8/2021 1:37,70.230377,-148.382812,6872.19,-31985.28,-64926.66,72703.20702,72953.68981,999
12/8/2021 1:38,70.230377,-148.382812,6817.79,-32017.46,-64865.75,72657.86625,72955.8324,999
12/8/2021 1:39,70.230377,-148.382812,6672.52,-32018.56,-65139.46,72889.36793,72969.80272,999
12/8/2021 1:40,70.230377,-148.382812,6785.62,-31940.28,-65286.64,72997.06493,72956.93148,999
12/8/2021 1:42,70.230377,-148.382812,6636.19,-31969.64,-65132.52,72858.36988,72955.05681,999
12/8/2021 1:43,70.230377,-148.382812,6697.21,-32114.6,-65245.41,73028.51279,72963.70707,999
12/8/2021 1:44,70.230377,-148.382812,6920.75,-32152.65,-65106.42,72942.00167,72971.8264,999
12/8/2021 1:45,70.230377,-148.382812,6790.2,-32069.22,-65176.29,72955.40052,72987.55628,999
12/8/2021 1:46,70.230377,-148.382812,6740.43,-32131.42,-65330.91,73116.27281,73003.50921,999
12/8/2021 1:47,70.230377,-148.382812,6840.16,-32161.56,-65283.58,73096.50845,73020.1252,999
12/8/2021 1:49,70.230377,-148.382812,7045.43,-32087.15,-65386.22,73175.00287,73056.61313,999
12/8/2021 1:50,70.230377,-148.382812,7065.4,-32145.57,-65211.06,73046.14907,73104.62186,999
12/8/2021 1:51,70.230377,-148.382812,6767.64,-32118.32,-65338.93,73120.19697,73127.31286,999
12/8/2021 1:52,70.230377,-148.382812,6897.04,-32007.87,-65423.86,73159.7865,73147.29794,999
12/8/2021 1:53,70.230377,-148.382812,6800.49,-31968.57,-65374.16,73089.10266,73166.48144,999
12/8/2021 1:54,70.230377,-148.382812,6706,-31966.16,-65372.42,73077.76076,73184.22081,999
12/8/2021 1:56,70.230377,-148.382812,6761.46,-32148.57,-65360.8,73152.45772,73202.57244,999
12/8/2021 1:57,70.230377,-148.382812,6727.31,-32027.21,-65506.27,73226.15851,73218.34993,999
12/8/2021 1:58,70.230377,-148.382812,6728.56,-32044.72,-65346.65,73091.19144,73224.49206,999
12/8/2021 1:59,70.230377,-148.382812,6703.24,-32272,-65579.17,73396.47777,73231.88258,999
12/8/2021 2:00,70.230377,-148.382812,6841.03,-32361.82,-65715.01,73570.03211,73234.85783,999
12/8/2021 2:01,70.230377,-148.382812,6828.83,-32177.59,-65527.59,73320.49692,73230.69065,999
12/8/2021 2:03,70.230377,-148.382812,6936.99,-32108.86,-65612.89,73376.78144,73226.13093,999
12/8/2021 2:04,70.230377,-148.382812,6938.24,-32171.95,-65409.58,73222.85638,73226.20123,999
12/8/2021 2:05,70.230377,-148.382812,6754.9,-32174.34,-65587.26,73365.56074,73230.52867,999
12/8/2021 2:06,70.230377,-148.382812,6844.26,-32247.02,-65458.46,73290.68276,73238.84274,999
12/8/2021 2:07,70.230377,-148.382812,6927.46,-32145.26,-65460.01,73255.17287,73247.66998,999
12/8/2021 2:08,70.230377,-148.382812,6823.99,-32173.03,-65432.39,73232.97317,73249.27377,999
12/8/2021 2:10,70.230377,-148.382812,6805.13,-32121.46,-65464.11,73236.92842,73254.96227,999
12/8/2021 2:11,70.230377,-148.382812,6763.06,-32109.44,-65468.33,73231.53249,73247.40945,999
12/8/2021 2:12,70.230377,-148.382812,6931.01,-31925.63,-65244.88,72966.97278,73228.23099,999
12/8/2021 2:13,70.230377,-148.382812,6880.86,-32081.35,-65248.31,73033.56222,73222.57094,999
12/8/2021 2:14,70.230377,-148.382812,6984.99,-32041.84,-65399.39,73161.12225,73208.40301,999
12/8/2021 2:15,70.230377,-148.382812,6825.29,-32098.44,-65399.91,73171.32404,73199.08783,999
12/8/2021 2:17,70.230377,-148.382812,6835.05,-31966.71,-65535.36,73235.72808,73182.90385,999
12/8/2021 2:18,70.230377,-148.382812,6946.72,-32134.69,-65535.89,73320.17525,73169.19983,999
12/8/2021 2:19,70.230377,-148.382812,7020.6,-32108.62,-65469.7,73256.63056,73150.85926,999
12/8/2021 2:20,70.230377,-148.382812,7042.32,-32175.16,-65370.47,73199.27281,73136.34398,999
12/8/2021 2:21,70.230377,-148.382812,6766.56,-32153.87,-65470.15,73252.97421,73127.97625,999
12/8/2021 2:22,70.230377,-148.382812,6727.16,-32299.93,-65349.26,73205.64146,73128.46181,999
12/8/2021 2:24,70.230377,-148.382812,6917.18,-32275.92,-65349.48,73212.95601,73146.40494,999
12/8/2021 2:25,70.230377,-148.382812,7041.91,-32217.27,-65247.06,73107.59072,73165.71739,999
12/8/2021 2:26,70.230377,-148.382812,7076.83,-32147.61,-65208.5,73045.86794,73178.24691,999
12/8/2021 2:27,70.230377,-148.382812,6965.5,-31869.92,-65370.26,73058.06515,73186.21664,999
12/8/2021 2:28,70.230377,-148.382812,6977.53,-32050.99,-65249.32,73030.30635,73177.40936,999
12/8/2021 2:29,70.230377,-148.382812,7142.05,-32111.33,-65063.36,72906.70207,73169.58207,999
12/8/2021 2:31,70.230377,-148.382812,6983.4,-32229.13,-65078.92,72957.18282,73157.83074,999
12/8/2021 2:32,70.230377,-148.382812,6868.96,-32237.41,-65222.33,73077.94158,73154.73614,999
12/8/2021 2:33,70.230377,-148.382812,6958.92,-32185.03,-65420.99,73240.75816,73148.40424,999
12/8/2021 2:34,70.230377,-148.382812,6936.71,-32070.03,-65554.88,73307.89222,73133.79705,999
12/8/2021 2:35,70.230377,-148.382812,7051.6,-31974.43,-65692.8,73400.49869,73126.84477,999
12/8/2021 2:36,70.230377,-148.382812,7000.23,-32165.84,-65603.32,73399.18309,73129.57915,999
12/8/2021 2:38,70.230377,-148.382812,6975.67,-32179.12,-65513.89,73322.74899,73129.2141,999
12/8/2021 2:39,70.230377,-148.382812,6808.59,-32173.46,-65249.53,73068.38982,73128.6507,999
12/8/2021 2:40,70.230377,-148.382812,6768.12,-32220.31,-65346.05,73171.4567,73126.12614,999
12/8/2021 2:41,70.230377,-148.382812,6966.23,-32017.13,-65270.56,73033.35523,73131.82385,999
12/8/2021 2:42,70.230377,-148.382812,6805.23,-32158.64,-65337.89,73140.47547,73133.33951,999
12/8/2021 2:43,70.230377,-148.382812,6937.05,-32206.05,-65291.92,73132.66805,73121.67682,999
12/8/2021 2:45,70.230377,-148.382812,6983.73,-32208.99,-65056.26,72928.10492,73109.78472,999
12/8/2021 2:46,70.230377,-148.382812,6738.81,-32250.88,-65232.52,73080.86266,73103.23233,999
12/8/2021 2:47,70.230377,-148.382812,6783.32,-32386.9,-65248.71,73159.544,73089.02454,999
12/8/2021 2:48,70.230377,-148.382812,6912.25,-32276,-65154.94,73038.93196,73060.69528,999
12/8/2021 2:49,70.230377,-148.382812,6824.87,-32233.88,-65194.44,73047.36051,73040.7797,999
12/8/2021 2:50,70.230377,-148.382812,6812.8,-32134.7,-65171.84,72982.33976,73030.69395,999
12/8/2021 2:52,70.230377,-148.382812,6682.6,-32156.91,-65210.89,73014.95859,73024.94954,999
12/8/2021 2:53,70.230377,-148.382812,6805.45,-32250.97,-65119.23,72985.98038,73036.74105,999
12/8/2021 2:54,70.230377,-148.382812,6689.69,-32144.96,-65038.43,72856.35032,73040.36205,999
12/8/2021 2:55,70.230377,-148.382812,6825.76,-32310.2,-65120.06,73014.80835,73038.09622,999
12/8/2021 2:56,70.230377,-148.382812,6755.78,-32233.12,-65354.38,73183.39684,73040.88993,999
12/8/2021 2:57,70.230377,-148.382812,6627.48,-32177.25,-65335.89,73130.5506,73046.00371,999
12/8/2021 2:59,70.230377,-148.382812,6682.62,-32148.67,-65042.45,72860.92708,73042.81096,999
12/8/2021 3:00,70.230377,-148.382812,6643.3,-32116.52,-65155.77,72944.35315,73038.8081,999
12/8/2021 3:01,70.230377,-148.382812,6633.35,-32149.01,-65065.06,72876.76042,73041.07299,999
12/8/2021 3:02,70.230377,-148.382812,6658.86,-32108.14,-65290.34,73062.31291,73044.56633,999
12/8/2021 3:03,70.230377,-148.382812,6637.16,-32210.65,-65460.43,73257.39391,73034.41826,999
12/8/2021 3:04,70.230377,-148.382812,6750.23,-32149.92,-65424.88,73209.27458,73021.34025,999
12/8/2021 3:06,70.230377,-148.382812,6690.05,-32165.05,-65289.7,73089.61716,73029.22891,999
12/8/2021 3:07,70.230377,-148.382812,6694.24,-32175.12,-65162.89,72981.18545,73039.07961,999
12/8/2021 3:08,70.230377,-148.382812,6739.07,-32182.79,-65374.89,73178.02456,73034.7111,999
12/8/2021 3:09,70.230377,-148.382812,6694.5,-32122.25,-65320.68,73098.88174,73033.67928,999
12/8/2021 3:10,70.230377,-148.382812,6689,-32192.31,-65134.43,72962.87765,73041.50356,999
12/8/2021 3:11,70.230377,-148.382812,6719.84,-32129.89,-65304.82,73090.39332,73051.6746,999
12/8/2021 3:13,70.230377,-148.382812,6839.24,-32120.47,-65250.4,73048.71318,73063.89448,999
12/8/2021 3:14,70.230377,-148.382812,6863.94,-32076.93,-65015.55,72822.14534,73064.45548,999
12/8/2021 3:15,70.230377,-148.382812,6754.49,-32143.45,-64899.3,72737.49826,73051.28676,999
12/8/2021 3:16,70.230377,-148.382812,6675.82,-32147.25,-65206.58,73006.23487,73049.30559,999
12/8/2021 3:17,70.230377,-148.382812,6664.84,-32101.59,-65449.19,73201.97159,73053.84232,999
12/8/2021 3:18,70.230377,-148.382812,6789.33,-32134.6,-65306.51,73100.39512,73063.75003,999
12/8/2021 3:20,70.230377,-148.382812,6949.33,-32088.92,-65323.95,73110.94595,73057.58829,999
12/8/2021 3:21,70.230377,-148.382812,6746.81,-32074.98,-65238.61,73009.58856,73065.15457,999
12/8/2021 3:22,70.230377,-148.382812,6715.24,-32103.18,-65371.25,73137.60278,73074.27807,999
12/8/2021 3:23,70.230377,-148.382812,6860.16,-32107.68,-65321.91,73108.93814,73074.89629,999
12/8/2021 3:24,70.230377,-148.382812,6686.75,-32116.33,-65295.39,73072.97198,73069.38047,999
12/8/2021 3:25,70.230377,-148.382812,6712.29,-32073.83,-65240.05,73007.18822,73084.87715,999
12/8/2021 3:27,70.230377,-148.382812,6853.61,-32232.06,-65331.54,73171.63235,73107.4886,999
12/8/2021 3:28,70.230377,-148.382812,6796.67,-32326.12,-65295.69,73175.81492,73103.28665,999
12/8/2021 3:29,70.230377,-148.382812,6764.22,-32101.39,-65402.69,73169.43195,73097.62063,999
12/8/2021 3:30,70.230377,-148.382812,6657.13,-31963.86,-65359.75,73060.95158,73103.05581,999
12/8/2021 3:31,70.230377,-148.382812,6755.71,-32025.66,-65522.53,73242.64095,73111.11928,999
12/8/2021 3:32,70.230377,-148.382812,6616.2,-31977.64,-65441.3,73136.22432,73136.76181,999
12/8/2021 3:34,70.230377,-148.382812,6767.09,-32023.74,-65365.2,73102.13952,73142.94665,999
12/8/2021 3:35,70.230377,-148.382812,6679.23,-31993.85,-65211.93,72943.91246,73149.1244,999
12/8/2021 3:36,70.230377,-148.382812,6486.05,-31989.3,-65426.68,73116.58235,73152.91988,999
12/8/2021 3:37,70.230377,-148.382812,6635.2,-31957.75,-65483.61,73167.11586,73167.61453,999
12/8/2021 3:38,70.230377,-148.382812,6695.08,-32016.36,-65179.66,72926.3977,73161.94809,999
12/8/2021 3:39,70.230377,-148.382812,6816.87,-32145.24,-65291.6,73094.31716,73153.0076,999
12/8/2021 3:41,70.230377,-148.382812,6784.98,-32120.78,-65429.32,73203.66369,73148.80156,999
12/8/2021 3:42,70.230377,-148.382812,6802.18,-32148.24,-65481.73,73264.15189,73143.96817,999
12/8/2021 3:43,70.230377,-148.382812,6658.17,-32178.6,-65741.81,73496.79658,73132.60808,999
12/8/2021 3:44,70.230377,-148.382812,6653.5,-32234.68,-65444.39,73255.11477,73121.9435,999
12/8/2021 3:45,70.230377,-148.382812,6861.12,-32251.33,-65382.49,73226.3153,73124.49254,999
12/8/2021 3:46,70.230377,-148.382812,6818.29,-32177.59,-65332.36,73145.08623,73122.46651,999
12/8/2021 3:48,70.230377,-148.382812,6723.68,-32158.02,-65509.91,73286.3864,73119.59013,999
12/8/2021 3:49,70.230377,-148.382812,6656.16,-32020.04,-65335.72,73063.97016,73111.48293,999
12/8/2021 3:50,70.230377,-148.382812,6789.16,-32004.15,-65264.92,73005.9456,73124.31229,999
12/8/2021 3:51,70.230377,-148.382812,6850.84,-32197.28,-65257.02,73089.51708,73117.47542,999
12/8/2021 3:52,70.230377,-148.382812,6833.69,-32008.45,-65216.96,72969.11718,73113.17112,999
12/8/2021 3:53,70.230377,-148.382812,6742.64,-31943.01,-65323,73026.79927,73103.51113,999
12/8/2021 3:55,70.230377,-148.382812,6738.45,-32034.71,-65174.23,72933.59726,73078.21628,999
12/8/2021 3:56,70.230377,-148.382812,6695.79,-32171.96,-65353.94,73150.57134,73063.14048,999
12/8/2021 3:57,70.230377,-148.382812,6808.5,-32026.23,-65139.58,72905.41793,73056.87206,999
12/8/2021 3:58,70.230377,-148.382812,6568.36,-31962.01,-65370.73,73061.93111,73056.1171,999
12/8/2021 3:59,70.230377,-148.382812,6675.54,-32012.16,-65280.69,73013.07903,73047.08262,999
12/8/2021 4:00,70.230377,-148.382812,6719.07,-31958.64,-65478.02,73170.15563,73036.87946,999
12/8/2021 4:02,70.230377,-148.382812,6756.39,-32028.97,-65209.68,72964.41661,73033.3242,999
12/8/2021 4:03,70.230377,-148.382812,6763.31,-32149.72,-65325.82,73121.88193,73014.25849,999
12/8/2021 4:04,70.230377,-148.382812,6783.15,-32037.24,-65332.84,73080.61202,72999.19259,999
12/8/2021 4:05,70.230377,-148.382812,6739.08,-32104.32,-65232.37,73016.19449,72990.93527,999
12/8/2021 4:06,70.230377,-148.382812,6809.98,-32144.15,-65152.17,72968.67453,72982.95872,999
12/8/2021 4:07,70.230377,-148.382812,6829.51,-32106.08,-65323.98,73107.2154,72956.33814,999
12/8/2021 4:09,70.230377,-148.382812,6801.82,-32041.18,-65385.04,73130.74201,72940.22354,999
12/8/2021 4:10,70.230377,-148.382812,6691.2,-32036.36,-65380.91,73114.73116,72919.59903,999
12/8/2021 4:11,70.230377,-148.382812,6649.73,-32214.61,-65023.48,72870.11018,72905.89708,999
12/8/2021 4:12,70.230377,-148.382812,6703.51,-32058.47,-65171.52,72938.39568,72889.39756,999
12/8/2021 4:13,70.230377,-148.382812,6840.82,-32024.98,-64937.35,72727.26853,72889.90677,999
12/8/2021 4:14,70.230377,-148.382812,6672.03,-32091.53,-64872.31,72682.86515,72880.347,999
12/8/2021 4:16,70.230377,-148.382812,6720.45,-32174.83,-65035.68,72869.91016,72867.37539,999
12/8/2021 4:17,70.230377,-148.382812,6837.22,-32123.61,-64950.38,72782.04283,72866.20209,999
12/8/2021 4:18,70.230377,-148.382812,6848.01,-32129.66,-64792.39,72644.78023,72874.9714,999
12/8/2021 4:19,70.230377,-148.382812,6756.2,-32065.62,-64782.71,72599.24063,72882.69602,999
12/8/2021 4:20,70.230377,-148.382812,6825.88,-32137.27,-64819.3,72670.06546,72884.86304,999
12/8/2021 4:21,70.230377,-148.382812,6856.81,-31914.15,-65018.71,72752.74197,72876.57083,999
12/8/2021 4:23,70.230377,-148.382812,6735.92,-32103.23,-65054.62,72856.66461,72877.66489,999
12/8/2021 4:24,70.230377,-148.382812,6752.17,-32030.38,-65220.25,72974.09165,72870.82813,999
12/8/2021 4:25,70.230377,-148.382812,6652.75,-32084.14,-65166.16,72940.24631,72885.73267,999
12/8/2021 4:26,70.230377,-148.382812,6698.34,-32211.84,-64979.56,72834.15142,72908.41279,999
12/8/2021 4:27,70.230377,-148.382812,6786.62,-32240.19,-65135.41,72993.90179,72911.6363,999
12/8/2021 4:28,70.230377,-148.382812,6656.72,-32339.56,-65258.04,73135.29139,72925.16011,999
12/8/2021 4:30,70.230377,-148.382812,6811.81,-32328.92,-65380.32,73253.98329,72937.70499,999
12/8/2021 4:31,70.230377,-148.382812,6918.23,-32155.45,-65362.79,73171.91529,72949.793,999
12/8/2021 4:32,70.230377,-148.382812,7017.84,-32126.66,-65125.86,72957.17923,72967.16981,999
12/8/2021 4:33,70.230377,-148.382812,7033.43,-32059.36,-65083.11,72890.89729,72972.09488,999
12/8/2021 4:34,70.230377,-148.382812,6793.17,-32017.76,-65036.86,72808.49726,72967.71807,999
12/8/2021 4:35,70.230377,-148.382812,6693.62,-32123.1,-65221.38,73010.45481,72956.1388,999
12/8/2021 4:37,70.230377,-148.382812,6866.04,-32178.61,-65291.81,73113.78734,72941.80936,999
12/8/2021 4:38,70.230377,-148.382812,6684.94,-31983.02,-65202.39,72931.15694,72940.74614,999
12/8/2021 4:39,70.230377,-148.382812,6672.41,-31988.86,-65321.41,73038.99523,72942.59297,999
12/8/2021 4:40,70.230377,-148.382812,6694.49,-31862.31,-65206.81,72883.13293,72930.80213,999
12/8/2021 4:41,70.230377,-148.382812,6798.84,-31883.61,-65124.97,72828.91273,72914.10351,999
12/8/2021 4:42,70.230377,-148.382812,6761.35,-31873.37,-65325.38,73000.22494,72910.10709,999
12/8/2021 4:44,70.230377,-148.382812,6943.37,-31982.65,-65080.61,72846.31827,72916.93946,999
12/8/2021 4:45,70.230377,-148.382812,6920.75,-31928.39,-65028.18,72773.50522,72915.03468,999
12/8/2021 4:46,70.230377,-148.382812,6782.15,-31939.94,-65015.38,72754.08554,72919.32116,999
12/8/2021 4:47,70.230377,-148.382812,6922.58,-31961.5,-64893.58,72667.98691,72910.7318,999
12/8/2021 4:48,70.230377,-148.382812,6750.09,-32000.83,-65055.78,72813.95022,72898.15351,999
12/8/2021 4:49,70.230377,-148.382812,6839.55,-31957.31,-65308.38,73028.99154,72904.18835,999
12/8/2021 4:51,70.230377,-148.382812,6828.13,-31964.34,-65174.46,72911.26543,72909.82515,999
12/8/2021 4:52,70.230377,-148.382812,6813.67,-31941.25,-65215.75,72936.70954,72909.54959,999
12/8/2021 4:53,70.230377,-148.382812,6937.02,-31944.59,-65379.23,73095.98342,72901.67255,999
12/8/2021 4:54,70.230377,-148.382812,6791.75,-31806.99,-65451.48,73086.99416,72906.91214,999
12/8/2021 4:55,70.230377,-148.382812,6841.48,-31774.92,-65202.43,72854.70656,72917.23188,999
12/8/2021 4:56,70.230377,-148.382812,6862.76,-31836.24,-65209.66,72889.94039,72915.27523,999
12/8/2021 4:58,70.230377,-148.382812,6768.42,-31787.15,-65195.77,72847.25692,72927.80522,999
12/8/2021 4:59,70.230377,-148.382812,6771.32,-31965.59,-65138.98,72874.79972,72941.81519,999
12/8/2021 5:00,70.230377,-148.382812,6927.62,-31987.88,-65302.95,73045.81894,72957.35945,999
12/8/2021 5:01,70.230377,-148.382812,6881.94,-31879.89,-65472.61,73146.09453,72963.07256,999
12/8/2021 5:02,70.230377,-148.382812,6754,-31903.63,-65174.61,72877.89728,72969.75971,999
12/8/2021 5:03,70.230377,-148.382812,6823.55,-31793.4,-64999.17,72679.24889,72971.62772,999
12/8/2021 5:05,70.230377,-148.382812,6880.08,-31920.01,-65401.49,73099.77725,72967.82374,999
12/8/2021 5:06,70.230377,-148.382812,6874.34,-31997.94,-65299.82,73042.39322,72965.87835,999
12/8/2021 5:07,70.230377,-148.382812,6977.21,-31955.13,-64967.39,72736.329,72979.92766,999
12/8/2021 5:08,70.230377,-148.382812,6747.4,-32119.57,-65197.09,72992.15525,72984.48985,999
12/8/2021 5:09,70.230377,-148.382812,6720.35,-31931.14,-65227.55,72934.17638,72978.41084,999
12/8/2021 5:10,70.230377,-148.382812,6706.18,-32102.17,-65341,73109.29113,72968.94148,999
12/8/2021 5:12,70.230377,-148.382812,6728.98,-32147.71,-65347.88,73137.54064,72964.16603,999
12/8/2021 5:13,70.230377,-148.382812,6577.22,-32156.05,-65248.18,73038.32123,72953.96953,999
12/8/2021 5:14,70.230377,-148.382812,6810.84,-32043.07,-65205.8,72972.20176,72955.48619,999
12/8/2021 5:15,70.230377,-148.382812,6748.86,-32155.76,-65214.43,73023.70774,72975.86846,999
12/8/2021 5:16,70.230377,-148.382812,6702.81,-32037.54,-65306.78,73050.03179,72973.1197,999
12/8/2021 5:17,70.230377,-148.382812,6915.75,-32044.3,-65361.38,73121.64355,72974.55304,999
12/8/2021 5:19,70.230377,-148.382812,6820.29,-31937.66,-65261.45,72976.62186,72986.81163,999
12/8/2021 5:20,70.230377,-148.382812,6714.24,-31950.26,-64992.37,72731.75573,72998.02863,999
12/8/2021 5:21,70.230377,-148.382812,6982,-32013.53,-64891.69,72694.88193,73008.15214,999
12/8/2021 5:22,70.230377,-148.382812,6854.04,-31997.66,-65204.42,72955.08548,72996.98808,999
12/8/2021 5:23,70.230377,-148.382812,6701.01,-32244.82,-65095.43,72952.36089,72994.44091,999
12/8/2021 5:24,70.230377,-148.382812,6827.8,-32167.83,-65069.2,72906.71388,72996.54029,999
12/8/2021 5:26,70.230377,-148.382812,6759.93,-32215.26,-65231.86,73066.51209,72998.50516,999
12/8/2021 5:27,70.230377,-148.382812,6678.12,-32165.49,-65243.61,73047.55081,72984.81321,999
12/8/2021 5:28,70.230377,-148.382812,6736.05,-32138.15,-65275.84,73069.62668,72970.59155,999
12/8/2021 5:29,70.230377,-148.382812,6662.39,-32097.79,-65190.91,72969.24222,72965.58934,999
12/8/2021 5:30,70.230377,-148.382812,6742.01,-32092.26,-65449.56,73205.27819,72970.40616,999
12/8/2021 5:31,70.230377,-148.382812,6596.77,-32195.68,-65325.41,73126.52307,72985.72872,999
12/8/2021 5:33,70.230377,-148.382812,6592.61,-32116.6,-65108.06,72897.17401,73002.06076,999
12/8/2021 5:34,70.230377,-148.382812,6677.18,-32181.26,-65282.5,73089.14443,73015.8606,999
12/8/2021 5:35,70.230377,-148.382812,6571.31,-32125.62,-65308.4,73078.20938,73020.18158,999
12/8/2021 5:36,70.230377,-148.382812,6661.26,-32003.48,-65282.44,73009.53424,73022.33511,999
12/8/2021 5:37,70.230377,-148.382812,6508.23,-32064.45,-64992.69,72763.56069,73019.4825,999
12/8/2021 5:38,70.230377,-148.382812,6658.24,-32143.85,-64956.47,72779.82033,73015.74033,999
12/8/2021 5:40,70.230377,-148.382812,6520.04,-32202.41,-65217.93,73026.60149,73004.92982,999
12/8/2021 5:41,70.230377,-148.382812,6527.45,-32210.15,-65259.88,73068.14151,73003.76451,999
12/8/2021 5:42,70.230377,-148.382812,6695.27,-32165.72,-65214.12,73022.8843,72987.09805,999
12/8/2021 5:43,70.230377,-148.382812,6889.6,-32101.79,-65205.57,73005.19069,72976.76144,999
12/8/2021 5:44,70.230377,-148.382812,6824.96,-32148.96,-65426.56,73217.28253,72971.45491,999
12/8/2021 5:45,70.230377,-148.382812,6832.73,-32125.15,-65232.82,73034.45945,72959.84013,999
12/8/2021 5:47,70.230377,-148.382812,6630.51,-31934.4,-65250.19,72947.63095,72942.97027,999
12/8/2021 5:48,70.230377,-148.382812,6649.21,-32053.85,-65262.06,73012.31245,72928.70428,999
12/8/2021 5:49,70.230377,-148.382812,6669.39,-32176.87,-65159.27,72976.44958,72935.63308,999
12/8/2021 5:50,70.230377,-148.382812,6742.26,-32078.62,-65074.57,72864.22711,72940.38415,999
12/8/2021 5:51,70.230377,-148.382812,6803.99,-32179.53,-65111.16,72947.1013,72928.92451,999
12/8/2021 5:52,70.230377,-148.382812,6867.56,-32076.12,-65090.01,72888.61541,72917.04286,999
12/8/2021 5:54,70.230377,-148.382812,6777.29,-32222.8,-65073.52,72930.12755,72898.899,999
12/8/2021 5:55,70.230377,-148.382812,6745.65,-32136.64,-64969.54,72796.34986,72885.01593,999
12/8/2021 5:56,70.230377,-148.382812,6750.02,-32276.37,-64980.66,72868.46372,72867.28542,999
12/8/2021 5:57,70.230377,-148.382812,6843.48,-32159.44,-64904.68,72757.68197,72866.44898,999
12/8/2021 5:58,70.230377,-148.382812,6837.84,-31978.15,-64973.29,72738.48051,72862.43362,999
12/8/2021 5:59,70.230377,-148.382812,6672.62,-32135.62,-65088.32,72895.20787,72856.60346,999
12/8/2021 6:01,70.230377,-148.382812,6715.97,-32099.8,-65073.41,72870.09059,72850.55467,999
12/8/2021 6:02,70.230377,-148.382812,6681.5,-31952.65,-65080.85,72808.86842,72863.07021,999
12/8/2021 6:03,70.230377,-148.382812,6940.11,-32012.85,-65061.71,72842.39013,72863.62863,999
12/8/2021 6:04,70.230377,-148.382812,6750.46,-31960.38,-64923.64,72678.15099,72866.24381,999
12/8/2021 6:05,70.230377,-148.382812,6721.9,-31993.08,-64981.32,72741.41225,72862.97489,999
12/8/2021 6:06,70.230377,-148.382812,6963.68,-31908.72,-65152.85,72880.40281,72862.41471,999
12/8/2021 6:08,70.230377,-148.382812,6749.88,-31965.98,-65301.81,73018.56714,72864.70222,999
12/8/2021 6:09,70.230377,-148.382812,6733.08,-31924.95,-65159,72871.33922,72871.22465,999
12/8/2021 6:10,70.230377,-148.382812,6674.39,-31952.97,-65185.08,72901.53927,72886.95156,999
12/8/2021 6:11,70.230377,-148.382812,6724.64,-32006.17,-65109.03,72861.52269,72885.83653,999
12/8/2021 6:12,70.230377,-148.382812,6681.5,-31949.25,-65410.31,73102.02235,72885.17273,999
12/8/2021 6:13,70.230377,-148.382812,6698.08,-31852.86,-65294.4,72957.71129,72883.02566,999
12/8/2021 6:15,70.230377,-148.382812,7028.46,-31854.9,-65236.97,72938.30378,72877.14023,999
12/8/2021 6:16,70.230377,-148.382812,6784.44,-31965.87,-65129.89,72868.01797,72888.55901,999
12/8/2021 6:17,70.230377,-148.382812,6827.53,-31867.86,-65081.36,72785.70661,72900.88856,999
12/8/2021 6:18,70.230377,-148.382812,6778.81,-31832.8,-65244.69,72911.92628,72908.58087,999
12/8/2021 6:19,70.230377,-148.382812,6796.44,-31874.13,-65188.78,72881.60809,72913.87133,999
12/8/2021 6:20,70.230377,-148.382812,6726.03,-31992.71,-65312.12,73037.29179,72912.42384,999
12/8/2021 6:22,70.230377,-148.382812,6600.48,-31786.85,-65243.03,72874.02234,72915.10651,999
12/8/2021 6:23,70.230377,-148.382812,6653.53,-31897.04,-65165.34,72857.47841,72926.69312,999
12/8/2021 6:24,70.230377,-148.382812,6647.33,-31936.32,-65046.73,72768.07415,72916.60729,999
12/8/2021 6:25,70.230377,-148.382812,6932.32,-31948.45,-64969.03,72730.56701,72930.23851,999
12/8/2021 6:26,70.230377,-148.382812,6906.39,-31950.65,-65154.85,72895.10777,72945.19472,999
12/8/2021 6:27,70.230377,-148.382812,6906.33,-31891.63,-65273.85,72975.6737,72951.76927,999
12/8/2021 6:29,70.230377,-148.382812,6944.95,-31857.23,-65343.42,73026.55662,72952.19261,999
12/8/2021 6:30,70.230377,-148.382812,6826.86,-31976.39,-65401.11,73119.08591,72952.72999,999
12/8/2021 6:31,70.230377,-148.382812,6740.47,-31979.7,-65100.61,72843.83687,72943.22441,999
12/8/2021 6:32,70.230377,-148.382812,6826.39,-31972.52,-65216.77,72952.51007,72931.20319,999
12/8/2021 6:33,70.230377,-148.382812,6862.78,-32040.37,-65324.17,73081.66833,72923.74006,999
12/8/2021 6:34,70.230377,-148.382812,6774.01,-31954.04,-65184.18,72910.39162,72913.34073,999
12/8/2021 6:36,70.230377,-148.382812,6835.55,-32118.9,-65439.57,73216.7044,72888.06102,999
12/8/2021 6:37,70.230377,-148.382812,6948.12,-32072.22,-65457.06,73222.47176,72874.40015,999
12/8/2021 6:38,70.230377,-148.382812,7071.06,-32033.17,-65206.17,72992.93442,72859.98733,999
12/8/2021 6:39,70.230377,-148.382812,6844.69,-31993.68,-65026.8,72793.75014,72842.39482,999
12/8/2021 6:40,70.230377,-148.382812,6951.73,-32164.39,-65075.06,72922.13634,72837.47197,999
12/8/2021 6:41,70.230377,-148.382812,7010.12,-32116.07,-64844.83,72701.00214,72827.57984,999
12/8/2021 6:43,70.230377,-148.382812,6863.21,-32202.44,-64938.69,72808.88855,72841.76023,999
12/8/2021 6:44,70.230377,-148.382812,6958.49,-32103.64,-64891.54,72732.2229,72845.9198,999
12/8/2021 6:45,70.230377,-148.382812,6870.08,-32012.62,-64864.89,72659.89123,72840.29276,999
12/8/2021 6:46,70.230377,-148.382812,6955.45,-31927.75,-64480.7,72287.75953,72835.85207,999
12/8/2021 6:47,70.230377,-148.382812,6910.25,-31950.87,-64679.5,72471.01054,72815.29598,999
12/8/2021 6:48,70.230377,-148.382812,7127.64,-32015.48,-64792.39,72621.2642,72786.82881,999
12/8/2021 6:50,70.230377,-148.382812,6960.47,-32172.19,-64755.52,72641.41603,72779.05475,999
12/8/2021 6:51,70.230377,-148.382812,6931.08,-32145.16,-65098.96,72933.02252,72774.20548,999
12/8/2021 6:52,70.230377,-148.382812,6861.72,-31998.34,-65176.48,72931.13539,72773.14178,999
12/8/2021 6:53,70.230377,-148.382812,6864.33,-32053.49,-65352.92,73113.26419,72786.96081,999
12/8/2021 6:54,70.230377,-148.382812,6887.08,-32196.25,-65188.77,73031.54195,72792.64321,999
12/8/2021 6:55,70.230377,-148.382812,7074.89,-32217.25,-65094.62,72974.75467,72801.77823,999
12/8/2021 6:57,70.230377,-148.382812,6869.64,-32154.54,-64980.94,72826.01842,72816.21858,999
12/8/2021 6:58,70.230377,-148.382812,6926,-32050.49,-65026.48,72826.13876,72855.25191,999
12/8/2021 6:59,70.230377,-148.382812,6953.4,-31979.19,-64896.81,72681.59542,72879.09953,999
12/8/2021 7:00,70.230377,-148.382812,6964.24,-32156.42,-64991.47,72845.22743,72884.85702,999
12/8/2021 7:01,70.230377,-148.382812,6915.53,-32181.46,-64823.25,72701.6139,72894.39508,999
12/8/2021 7:02,70.230377,-148.382812,6951.41,-32142.53,-65063.25,72901.92615,72891.95167,999
12/8/2021 7:04,70.230377,-148.382812,7256.65,-32202.44,-65069.39,72963.56369,72883.32495,999
12/8/2021 7:05,70.230377,-148.382812,7232.78,-32083.3,-65078.54,72916.85411,72870.47767,999
12/8/2021 7:06,70.230377,-148.382812,7096.92,-32089.08,-65078.25,72905.78819,72847.94522,999
12/8/2021 7:07,70.230377,-148.382812,7007.76,-32087.84,-65120.41,72934.25789,72839.65764,999
12/8/2021 7:08,70.230377,-148.382812,6888.59,-32027.6,-65269.23,73029.39284,72838.79305,999
12/8/2021 7:09,70.230377,-148.382812,6971.53,-31919.72,-65195.52,72924.11524,72833.83843,999
12/8/2021 7:11,70.230377,-148.382812,6892.74,-31839.93,-65026.59,72730.65663,72842.07106,999
12/8/2021 7:12,70.230377,-148.382812,6961.18,-31971.32,-65057.77,72822.63911,72840.11752,999
12/8/2021 7:13,70.230377,-148.382812,6998.1,-31923.83,-65148.69,72886.59777,72845.08489,999
12/8/2021 7:14,70.230377,-148.382812,6922.43,-31869.44,-65049.89,72767.22773,72844.82484,999
12/8/2021 7:15,70.230377,-148.382812,6974.29,-31990.99,-65098.78,72869.16577,72851.26035,999
12/8/2021 7:16,70.230377,-148.382812,7040.41,-31976.65,-64801.11,72603.42537,72847.63151,999
12/8/2021 7:18,70.230377,-148.382812,6923.95,-31851.08,-65114.71,72817.2908,72848.5603,999
12/8/2021 7:19,70.230377,-148.382812,7055.79,-31893.6,-65071.12,72809.59107,72852.00725,999
12/8/2021 7:20,70.230377,-148.382812,6962.54,-31881.04,-65000.51,72732.00104,72836.81903,999
12/8/2021 7:21,70.230377,-148.382812,6885.83,-32099.77,-65019.74,72838.01534,72833.86912,999
12/8/2021 7:22,70.230377,-148.382812,6988.54,-32040.54,-65004.5,72808.11023,72836.79766,999
12/8/2021 7:23,70.230377,-148.382812,6800.46,-32001.59,-65030.06,72795.99386,72835.22344,999
12/8/2021 7:25,70.230377,-148.382812,6866.24,-31982.27,-65145.68,72896.98532,72840.00501,999
12/8/2021 7:26,70.230377,-148.382812,6919.44,-32101.62,-65292.78,73085.83841,72847.26736,999
12/8/2021 7:27,70.230377,-148.382812,7005.42,-31895.84,-65118.33,72847.90608,72848.27158,999
12/8/2021 7:28,70.230377,-148.382812,6772.43,-32010.28,-65171.34,72923.43513,72868.90586,999
12/8/2021 7:29,70.230377,-148.382812,6777.2,-32001.79,-65260.39,72999.75004,72869.65403,999
12/8/2021 7:30,70.230377,-148.382812,6697.11,-32073.01,-64943.8,72740.81668,72885.43771,999
12/8/2021 7:32,70.230377,-148.382812,6812.45,-32090.28,-65065.81,72868.06692,72904.59351,999
12/8/2021 7:33,70.230377,-148.382812,6887.32,-31970.68,-65025.27,72786.29881,72901.52879,999
12/8/2021 7:34,70.230377,-148.382812,6849.37,-32057.57,-64993.69,72792.72906,72895.71852,999
12/8/2021 7:35,70.230377,-148.382812,6632.72,-32112.39,-65195.93,72977.44758,72894.91231,999
12/8/2021 7:36,70.230377,-148.382812,6840.86,-32225.99,-65037.36,72905.21238,72893.08105,999
12/8/2021 7:37,70.230377,-148.382812,6772.39,-32223.04,-65026.97,72888.24597,72888.25447,999
12/8/2021 7:39,70.230377,-148.382812,6936.66,-32037.18,-65221.48,72995.47662,72901.94612,999
12/8/2021 7:40,70.230377,-148.382812,6774.43,-32072.45,-65037.63,72831.506,72904.08288,999
12/8/2021 7:41,70.230377,-148.382812,6986.41,-32126.54,-65299.86,73109.48101,72901.24459,999
12/8/2021 7:42,70.230377,-148.382812,6916.76,-32118.57,-65296.06,73095.96131,72908.10603,999
12/8/2021 7:43,70.230377,-148.382812,6919.22,-32062.58,-64969.32,72779.78554,72902.10266,999
12/8/2021 7:44,70.230377,-148.382812,6998.33,-31964.54,-64917.25,72697.71515,72911.0068,999
12/8/2021 7:46,70.230377,-148.382812,6839.41,-31956.73,-65030.89,72780.67584,72913.64339,999
12/8/2021 7:47,70.230377,-148.382812,7104.96,-32082.61,-65031.72,72862.19134,72913.74114,999
12/8/2021 7:48,70.230377,-148.382812,6990.79,-32103.55,-65181.55,72994.13352,72924.65137,999
12/8/2021 7:49,70.230377,-148.382812,6793.06,-32102.99,-65330.23,73108.04732,72936.84288,999
12/8/2021 7:50,70.230377,-148.382812,7002.26,-32015.51,-65189.92,72964.03357,72926.6018,999
12/8/2021 7:51,70.230377,-148.382812,7031.51,-32103.51,-65123.08,72945.82261,72921.5175,999
12/8/2021 7:53,70.230377,-148.382812,6910.51,-32128.71,-65039.99,72871.18398,72902.94235,999
12/8/2021 7:54,70.230377,-148.382812,6916.14,-31929.54,-65006.28,72754.00303,72887.96959,999
12/8/2021 7:55,70.230377,-148.382812,6826.55,-32148.07,-65133.72,72955.47732,72886.29528,999
12/8/2021 7:56,70.230377,-148.382812,6969.03,-31964.12,-65083.06,72842.82426,72895.36104,999
12/8/2021 7:57,70.230377,-148.382812,6786.99,-32097,-65189.71,72979.30482,72899.61365,999
12/8/2021 7:58,70.230377,-148.382812,6861.03,-32113.87,-65322.77,73112.50686,72892.17117,999
12/8/2021 8:00,70.230377,-148.382812,6944.35,-32207.58,-65276.07,73119.88458,72885.45427,999
12/8/2021 8:01,70.230377,-148.382812,7000.53,-32175.69,-64928.33,72800.89617,72878.89471,999
12/8/2021 8:02,70.230377,-148.382812,6784.86,-32234.35,-64848.12,72734.90436,72875.04616,999
12/8/2021 8:03,70.230377,-148.382812,6961.96,-32226.57,-64857.5,72756.55302,72876.19377,999
12/8/2021 8:04,70.230377,-148.382812,6933.99,-32259.09,-64905.95,72811.47884,72895.29495,999
12/8/2021 8:05,70.230377,-148.382812,6979.57,-32140.31,-64888.78,72747.97381,72914.86771,999
12/8/2021 8:07,70.230377,-148.382812,6959.01,-32140.29,-65027.73,72869.96453,72927.60571,999
12/8/2021 8:08,70.230377,-148.382812,6894.51,-32140.63,-65024.92,72861.47532,72931.07565,999
12/8/2021 8:09,70.230377,-148.382812,6806.69,-32135.56,-64879.02,72720.78438,72920.51261,999
12/8/2021 8:10,70.230377,-148.382812,6741.52,-32054.58,-65089.05,72866.51234,72903.87615,999
12/8/2021 8:11,70.230377,-148.382812,6912,-32157.48,-65151.36,72983.41574,72884.00471,999
12/8/2021 8:12,70.230377,-148.382812,6850.05,-32132.77,-65066.48,72890.91104,72883.89961,999
12/8/2021 8:14,70.230377,-148.382812,6719.32,-31965.49,-65248.24,72967.62731,72892.18001,999
12/8/2021 8:15,70.230377,-148.382812,6703.45,-32185.47,-65440,73234.10627,72892.47862,999
12/8/2021 8:16,70.230377,-148.382812,6872.95,-32136.73,-65325.25,73125.8856,72879.3991,999
12/8/2021 8:17,70.230377,-148.382812,6803.93,-32198.13,-65382.42,73197.49916,72868.38302,999
12/8/2021 8:18,70.230377,-148.382812,6713.21,-32164.97,-65084.82,72908.7531,72866.38867,999
12/8/2021 8:19,70.230377,-148.382812,6702.49,-31887.7,-65076.7,72778.6072,72863.99569,999
12/8/2021 8:21,70.230377,-148.382812,7008.51,-32037.82,-64990.59,72796.41414,72882.79392,999
12/8/2021 8:22,70.230377,-148.382812,6994.07,-31983.26,-64958.45,72742.32717,72894.93621,999
12/8/2021 8:23,70.230377,-148.382812,7006.49,-31958.36,-65032.7,72798.89934,72889.89542,999
12/8/2021 8:24,70.230377,-148.382812,6894.96,-31659.08,-65295.02,72892.2318,72894.47965,999
12/8/2021 8:25,70.230377,-148.382812,6844.52,-31590.26,-65188.57,72762.22674,72895.80327,999
12/8/2021 8:26,70.230377,-148.382812,6860,-31550.69,-64983.68,72562.96787,72889.80019,999
12/8/2021 8:28,70.230377,-148.382812,6824.73,-31674.85,-64899.81,72538.66831,72878.31939,999
12/8/2021 8:29,70.230377,-148.382812,6876.31,-31734.61,-65193.11,72832.07194,72867.8324,999
12/8/2021 8:30,70.230377,-148.382812,6769.7,-31705.7,-65200.39,72816.00859,72870.35121,999
12/8/2021 8:31,70.230377,-148.382812,7031.4,-31834.67,-65402.6,73077.95076,72864.54191,999
12/8/2021 8:32,70.230377,-148.382812,7026.55,-32040.87,-65323.91,73097.2159,72862.57341,999
12/8/2021 8:33,70.230377,-148.382812,6810.29,-32013.51,-65125.75,72887.64083,72864.65305,999
12/8/2021 8:35,70.230377,-148.382812,6907.43,-31959.55,-65243.12,72978.0113,72874.73302,999
12/8/2021 8:36,70.230377,-148.382812,7039.39,-32007.71,-65221.92,72992.77608,72864.94144,999
12/8/2021 8:37,70.230377,-148.382812,6988.07,-31778.24,-65481.69,73120.04776,72860.14473,999
12/8/2021 8:38,70.230377,-148.382812,6801.38,-31829.55,-65239.26,72907.7504,72888.10252,999
12/8/2021 8:39,70.230377,-148.382812,6752.68,-31968.65,-65277.49,72998.24635,72916.7249,999
12/8/2021 8:40,70.230377,-148.382812,6831.9,-31822.58,-65294.07,72956.61062,72918.37306,999
12/8/2021 8:42,70.230377,-148.382812,6843.26,-31734.91,-65013.36,72668.23033,72939.07218,999
12/8/2021 8:43,70.230377,-148.382812,6847.74,-31773.69,-65095.43,72759.01268,72940.45304,999
12/8/2021 8:44,70.230377,-148.382812,6789.9,-31816.76,-65105.97,72781.84038,72937.45441,999
12/8/2021 8:45,70.230377,-148.382812,7120.7,-31742.75,-65339.84,72990.4188,72939.26389,999
12/8/2021 8:46,70.230377,-148.382812,6998.48,-31699.17,-65056.7,72706.19173,72936.70415,999
12/8/2021 8:47,70.230377,-148.382812,6842.56,-31641.5,-65062.14,72671.08924,72942.97744,999
12/8/2021 8:49,70.230377,-148.382812,7156.88,-31884.28,-65382.94,73094.16588,72932.22491,999
12/8/2021 8:50,70.230377,-148.382812,6974.59,-31971.46,-65347.01,73082.49364,72936.71628,999
12/8/2021 8:51,70.230377,-148.382812,6893.6,-31911.21,-65140.05,72863.38696,72923.26915,999
12/8/2021 8:52,70.230377,-148.382812,7005.88,-31919.52,-65510.78,73209.29181,72922.9408,999
12/8/2021 8:53,70.230377,-148.382812,7118.68,-31862.78,-65408.79,73104.18705,72931.39689,999
12/8/2021 8:54,70.230377,-148.382812,6996.91,-31865.09,-65349.34,73040.24198,72933.19414,999
12/8/2021 8:56,70.230377,-148.382812,7030.5,-31891.02,-65200.89,72922.02098,72935.91173,999
12/8/2021 8:57,70.230377,-148.382812,7017.51,-31811.96,-65249.12,72929.37616,72937.67778,999
12/8/2021 8:58,70.230377,-148.382812,6819.64,-31930.88,-65416.14,73111.96865,72954.07909,999
12/8/2021 8:59,70.230377,-148.382812,6641.98,-32007.34,-65177.61,72915.74972,72960.21117,999
12/8/2021 9:00,70.230377,-148.382812,6802.82,-31964.94,-65268.33,72993.08632,72951.78878,999
12/8/2021 9:01,70.230377,-148.382812,6909.44,-31879.17,-65019.12,72742.75089,72955.81417,999
12/8/2021 9:03,70.230377,-148.382812,6974.15,-31980.15,-65195,72950.37208,72973.66944,999
12/8/2021 9:04,70.230377,-148.382812,6910.96,-31926.03,-65092.36,72828.89598,72973.61919,999
12/8/2021 9:05,70.230377,-148.382812,7053.68,-31690.86,-65151.97,72793.16042,72978.16289,999
12/8/2021 9:06,70.230377,-148.382812,6875.18,-31685.97,-65218.45,72833.47455,72986.5361,999
12/8/2021 9:07,70.230377,-148.382812,7039.33,-31630.64,-65440.44,73023.97374,73008.2964,999
12/8/2021 9:08,70.230377,-148.382812,6961.19,-31707.28,-65404.83,73017.81672,73024.93253,999
12/8/2021 9:10,70.230377,-148.382812,7070.76,-31751.54,-65114.35,72787.59864,73032.22878,999
12/8/2021 9:11,70.230377,-148.382812,6873.03,-31900.69,-65226.5,72934.14061,73044.96475,999
12/8/2021 9:12,70.230377,-148.382812,6941.64,-31880.69,-65480.31,73158.97593,73062.31151,999
12/8/2021 9:13,70.230377,-148.382812,6886.41,-31873.73,-65538.3,73202.63707,73093.96244,999
12/8/2021 9:14,70.230377,-148.382812,6926.35,-31895.02,-65530.1,73208.33717,73116.15106,999
12/8/2021 9:15,70.230377,-148.382812,7041.38,-31829.67,-65529.71,73190.51726,73152.67855,999
12/8/2021 9:17,70.230377,-148.382812,6876.13,-31908.74,-65518.65,73199.33299,73176.29411,999
12/8/2021 9:18,70.230377,-148.382812,6955.37,-32057.63,-65589.8,73335.46671,73196.3231,999
12/8/2021 9:19,70.230377,-148.382812,6963.99,-31850.92,-65589.02,73245.4627,73212.32177,999
12/8/2021 9:20,70.230377,-148.382812,6966.41,-31810.6,-65614.06,73250.59734,73230.22234,999
12/8/2021 9:21,70.230377,-148.382812,7001.99,-31961.53,-65433.07,73157.73311,73245.83496,999
12/8/2021 9:22,70.230377,-148.382812,6874.23,-32129.65,-65548.8,73322.67472,73258.46053,999
12/8/2021 9:24,70.230377,-148.382812,6974.71,-32088.06,-65582.54,73344.11856,73265.07793,999
12/8/2021 9:25,70.230377,-148.382812,6991.4,-32004.18,-65652.85,73371.95598,73272.36917,999
12/8/2021 9:26,70.230377,-148.382812,6929.34,-32125.56,-65768.93,73522.91827,73282.00621,999
12/8/2021 9:27,70.230377,-148.382812,6770.81,-32027.55,-65519.17,73241.85596,73300.26189,999
12/8/2021 9:28,70.230377,-148.382812,6935.52,-32028.12,-65470.54,73214.02541,73314.30636,999
12/8/2021 9:29,70.230377,-148.382812,6782.36,-31953.37,-65650.36,73327.94849,73315.68992,999
12/8/2021 9:31,70.230377,-148.382812,6797.19,-31868.81,-65723.38,73357.92746,73328.31562,999
12/8/2021 9:32,70.230377,-148.382812,6961.2,-31857.58,-65405.98,73084.23858,73334.52159,999
12/8/2021 9:33,70.230377,-148.382812,6896.75,-32029.52,-65429.22,73174.02642,73346.11477,999
12/8/2021 9:34,70.230377,-148.382812,7023.18,-32119.22,-65495.64,73284.70652,73341.82402,999
12/8/2021 9:35,70.230377,-148.382812,6968.78,-32014.08,-65616.02,73341.17052,73339.04931,999
12/8/2021 9:36,70.230377,-148.382812,7020.32,-31919.48,-65712.75,73391.44098,73326.42401,999
12/8/2021 9:38,70.230377,-148.382812,6931.38,-32013.38,-65839.54,73537.37523,73301.60183,999
12/8/2021 9:39,70.230377,-148.382812,6933.14,-32133.01,-65701.45,73466.17789,73297.87717,999
12/8/2021 9:40,70.230377,-148.382812,6850.9,-32028.85,-65644.23,73361.75431,73300.71181,999
12/8/2021 9:41,70.230377,-148.382812,6738.89,-31910.87,-65851.2,73485.35095,73292.12109,999
12/8/2021 9:42,70.230377,-148.382812,6992.33,-31987.52,-65657.02,73368.51089,73274.26846,999
12/8/2021 9:43,70.230377,-148.382812,6958.76,-32049.72,-65640.86,73378.00348,73281.15161,999
12/8/2021 9:45,70.230377,-148.382812,7096.03,-32049.39,-65473.27,73241.15049,73277.35162,999
12/8/2021 9:46,70.230377,-148.382812,6935.59,-32182.76,-65481.27,73291.39902,73269.67331,999
12/8/2021 9:47,70.230377,-148.382812,7059.17,-32010.52,-65374.27,73132.07538,73262.27504,999
12/8/2021 9:48,70.230377,-148.382812,7022.1,-31962.69,-65311.32,73051.29678,73248.127,999
12/8/2021 9:49,70.230377,-148.382812,6882.08,-32053.69,-65415.64,73171.08735,73225.32133,999
12/8/2021 9:50,70.230377,-148.382812,6944.25,-32065.47,-65511.57,73267.88368,73208.46319,999
12/8/2021 9:52,70.230377,-148.382812,6809.9,-31883.06,-65499.41,73164.72486,73189.10366,999
12/8/2021 9:53,70.230377,-148.382812,7172.98,-31919.29,-65279.72,73018.72746,73173.40004,999
12/8/2021 9:54,70.230377,-148.382812,7109.01,-31922.31,-65504.71,73215.01848,73167.26814,999
12/8/2021 9:55,70.230377,-148.382812,7055.99,-31838.82,-65424.61,73101.82657,73155.07476,999
12/8/2021 9:56,70.230377,-148.382812,6860.69,-31813.89,-65498.81,73138.81853,73145.74912,999
12/8/2021 9:57,70.230377,-148.382812,6998.8,-31815.51,-65552.41,73200.60338,73130.67175,999
12/8/2021 9:59,70.230377,-148.382812,6957.81,-31845.67,-65455.03,73122.6283,73127.98364,999
12/8/2021 10:00,70.230377,-148.382812,6902,-32008.55,-65360.69,73104.06743,73129.13381,999
12/8/2021 10:01,70.230377,-148.382812,7057.7,-31976.37,-65406.57,73145.8732,73130.2383,999
12/8/2021 10:02,70.230377,-148.382812,7227.81,-31944.08,-65233.79,72993.92332,73128.97923,999
12/8/2021 10:03,70.230377,-148.382812,7140.65,-31949.12,-65456.85,73186.9822,73133.94474,999
12/8/2021 10:04,70.230377,-148.382812,7097.59,-31939.48,-65538.92,73252.00476,73146.27711,999
12/8/2021 10:06,70.230377,-148.382812,6919.99,-31776.76,-65518.98,73146.32922,73141.51626,999
12/8/2021 10:07,70.230377,-148.382812,7003.66,-31884.51,-65365.66,73063.96334,73143.28868,999
12/8/2021 10:08,70.230377,-148.382812,6879.63,-31865.35,-65322.2,73004.92896,73142.16334,999
12/8/2021 10:09,70.230377,-148.382812,6910.46,-31880.1,-65396.77,73081.00136,73149.1999,999
12/8/2021 10:10,70.230377,-148.382812,6932.36,-31879.48,-65385.98,73073.14993,73161.11924,999
12/8/2021 10:11,70.230377,-148.382812,6998.15,-31992.14,-65456.92,73192.07267,73177.7038,999
12/8/2021 10:13,70.230377,-148.382812,6957.52,-31861.07,-65583.1,73243.96133,73189.94826,999
12/8/2021 10:14,70.230377,-148.382812,6863.28,-31883.69,-65598.91,73259.0697,73209.40544,999
12/8/2021 10:15,70.230377,-148.382812,6919.39,-31771.24,-65640.83,73253.04234,73213.33141,999
12/8/2021 10:16,70.230377,-148.382812,6716.39,-31757.29,-65525.31,73124.56231,73205.82991,999
12/8/2021 10:17,70.230377,-148.382812,7048.6,-31760.12,-65501.25,73135.50257,73220.00153,999
12/8/2021 10:18,70.230377,-148.382812,6845.32,-31739.18,-65512.79,73117.43709,73232.67727,999
12/8/2021 10:20,70.230377,-148.382812,6914.9,-31885.89,-65676.43,73334.29812,73249.72732,999
12/8/2021 10:21,70.230377,-148.382812,6877.04,-31904.77,-65687.76,73349.09571,73263.6797,999
12/8/2021 10:22,70.230377,-148.382812,6943.73,-31919.78,-65751.71,73419.17399,73276.3011,999
12/8/2021 10:23,70.230377,-148.382812,6870.31,-32019.41,-65665.54,73378.51811,73287.56996,999
12/8/2021 10:24,70.230377,-148.382812,6809.93,-31980.3,-65674.23,73363.60965,73296.08132,999
12/8/2021 10:25,70.230377,-148.382812,6737.59,-32013.93,-65551.29,73261.57556,73311.94184,999
12/8/2021 10:27,70.230377,-148.382812,6872.68,-32018.9,-65364.76,73109.47639,73325.99351,999
12/8/2021 10:28,70.230377,-148.382812,6876.81,-31973.04,-65728.86,73415.58989,73343.9565,999
12/8/2021 10:29,70.230377,-148.382812,6905.69,-31934.56,-65620.8,73304.8025,73346.22241,999
12/8/2021 10:30,70.230377,-148.382812,6797.55,-31965.59,-65643.88,73328.87979,73357.10955,999
12/8/2021 10:31,70.230377,-148.382812,6780.14,-32042.8,-65627.27,73346.09668,73353.54727,999
12/8/2021 10:32,70.230377,-148.382812,6781.39,-31983.31,-65619.13,73312.9565,73334.56694,999
12/8/2021 10:34,70.230377,-148.382812,6834.95,-32099.41,-65661.09,73406.18096,73316.19959,999
12/8/2021 10:35,70.230377,-148.382812,6707.28,-32050.55,-65697.55,73405.67714,73288.29695,999
12/8/2021 10:36,70.230377,-148.382812,6689.46,-32168.06,-65814.91,73560.41964,73272.04925,999
12/8/2021 10:37,70.230377,-148.382812,6777.35,-32206.38,-65742,73520.02414,73265.89307,999
12/8/2021 10:38,70.230377,-148.382812,6766.2,-32123.98,-65722.91,73465.85909,73266.03537,999
12/8/2021 10:39,70.230377,-148.382812,6858.19,-32145.28,-65381.55,73178.55476,73248.26632,999
12/8/2021 10:41,70.230377,-148.382812,6908.93,-32142.87,-65540.48,73324.29287,73240.7255,999
12/8/2021 10:42,70.230377,-148.382812,6914.57,-32203.99,-65445.31,73266.61485,73228.16898,999
12/8/2021 10:43,70.230377,-148.382812,6968.87,-32025.48,-65215.95,72988.46931,73219.74407,999
12/8/2021 10:44,70.230377,-148.382812,6924.27,-32079.52,-65285.62,73070.19432,73227.8654,999
12/8/2021 10:45,70.230377,-148.382812,6812.38,-32063.36,-65057.03,72848.36805,73218.70049,999
12/8/2021 10:46,70.230377,-148.382812,6742.73,-32070.42,-65291.98,73054.90332,73207.45935,999
12/8/2021 10:48,70.230377,-148.382812,6705.94,-32001.38,-65429.93,73144.60809,73177.9239,999
12/8/2021 10:49,70.230377,-148.382812,6799.52,-32029.3,-65370.34,73112.18012,73154.70975,999
12/8/2021 10:50,70.230377,-148.382812,6631.13,-32098.62,-65315.37,73077.97787,73140.84599,999
12/8/2021 10:51,70.230377,-148.382812,6809.93,-32108.4,-65385.66,73161.52699,73135.99997,999
12/8/2021 10:52,70.230377,-148.382812,6876.05,-32170.01,-65268.7,73090.30583,73119.51621,999
12/8/2021 10:53,70.230377,-148.382812,6871.07,-32078.59,-65421.3,73186.02348,73104.54994,999
12/8/2021 10:55,70.230377,-148.382812,6973.94,-32087.22,-65720.72,73467.26185,73100.66213,999
12/8/2021 10:56,70.230377,-148.382812,6994.31,-31880.51,-65556.43,73232.04766,73093.46534,999
12/8/2021 10:57,70.230377,-148.382812,7164.43,-31801.03,-65532.04,73192.09543,73097.52067,999
12/8/2021 10:58,70.230377,-148.382812,7232.12,-31956.96,-65232.96,72999.24604,73098.27345,999
12/8/2021 10:59,70.230377,-148.382812,7098.08,-31868.07,-65380.25,73078.95535,73099.9999,999
12/8/2021 11:00,70.230377,-148.382812,7096.6,-31644.31,-65626.78,73202.44764,73105.98153,999
12/8/2021 11:02,70.230377,-148.382812,6884.8,-31834.82,-65427.65,73086.48042,73123.42879,999
12/8/2021 11:03,70.230377,-148.382812,6740.61,-31808.4,-65371.33,73011.10135,73129.16566,999
12/8/2021 11:04,70.230377,-148.382812,6864.39,-31835.4,-65313.07,72982.25576,73132.19844,999
12/8/2021 11:05,70.230377,-148.382812,6792.95,-31710.49,-65305.74,72914.60089,73124.13771,999
12/8/2021 11:06,70.230377,-148.382812,6900.11,-31784.1,-65279.77,72933.4553,73113.54974,999
12/8/2021 11:07,70.230377,-148.382812,6933.81,-31781.39,-65268.54,72925.41933,73106.66938,999
12/8/2021 11:09,70.230377,-148.382812,6863.09,-31788.29,-65433.26,73069.20623,73106.17737,999
12/8/2021 11:10,70.230377,-148.382812,6900.51,-31822.85,-65533.37,73177.41048,73105.92127,999
12/8/2021 11:11,70.230377,-148.382812,6836.78,-31874.86,-65568.85,73225.83117,73097.30222,999
12/8/2021 11:12,70.230377,-148.382812,6883.93,-32036.94,-65690.16,73409.4758,73095.72822,999
12/8/2021 11:13,70.230377,-148.382812,6838.03,-32082.3,-65517.46,73270.52745,73094.09869,999
12/8/2021 11:14,70.230377,-148.382812,6898.37,-31894.16,-65465.98,73147.9288,73107.74497,999
12/8/2021 11:16,70.230377,-148.382812,6927.37,-31881.96,-65340.28,73032.86944,73118.71166,999
12/8/2021 11:17,70.230377,-148.382812,6790.85,-31909.19,-65601.89,73266.09053,73128.9685,999
12/8/2021 11:18,70.230377,-148.382812,6878.72,-31923.08,-65401.86,73101.3209,73144.24628,999
12/8/2021 11:19,70.230377,-148.382812,6769.68,-31941.89,-65495.05,73182.74714,73159.83173,999
12/8/2021 11:20,70.230377,-148.382812,6771.48,-31942.95,-65283.8,72994.38018,73163.87456,999
12/8/2021 11:21,70.230377,-148.382812,6713.83,-31841.96,-65250.59,72915.19338,73161.686,999
12/8/2021 11:23,70.230377,-148.382812,6675.1,-31889.48,-65518.89,73172.54158,73143.51121,999
12/8/2021 11:24,70.230377,-148.382812,6846.02,-31889.66,-65370.41,73055.51936,73124.8104,999
12/8/2021 11:25,70.230377,-148.382812,6761.19,-31838.33,-65644.16,73270.38071,73124.06372,999
12/8/2021 11:26,70.230377,-148.382812,6869.32,-31976.94,-65476.37,73190.62288,73119.68373,999
12/8/2021 11:27,70.230377,-148.382812,6844.66,-31835.07,-65457.43,73109.48088,73115.836,999
12/8/2021 11:28,70.230377,-148.382812,6853.14,-31883.29,-65560.7,73223.73313,73107.27677,999
12/8/2021 11:30,70.230377,-148.382812,6783.54,-31952.4,-65531.84,73221.54283,73108.40011,999
12/8/2021 11:31,70.230377,-148.382812,6963.08,-31847.46,-65479.73,73146.01994,73117.09181,999
12/8/2021 11:32,70.230377,-148.382812,6990.81,-31863.59,-65457.54,73135.82798,73129.55762,999
12/8/2021 11:33,70.230377,-148.382812,6977.38,-31925.16,-65143.45,72880.51009,73146.99186,999
12/8/2021 11:34,70.230377,-148.382812,6844.52,-31885.7,-65370.98,73054.16035,73144.9404,999
12/8/2021 11:35,70.230377,-148.382812,6961.31,-31910.79,-65572.35,73256.34061,73146.89576,999
12/8/2021 11:37,70.230377,-148.382812,6891.1,-31814.69,-65412.46,73064.70887,73143.75423,999
12/8/2021 11:38,70.230377,-148.382812,6676.27,-31977.62,-65237.92,72959.76266,73142.12277,999
12/8/2021 11:39,70.230377,-148.382812,6777.2,-31951.74,-65400.86,73103.46515,73154.28754,999
12/8/2021 11:40,70.230377,-148.382812,6906.64,-31993.47,-65388.38,73122.66432,73167.75012,999
12/8/2021 11:41,70.230377,-148.382812,6980.04,-32020.44,-65619.23,73347.88942,73176.7971,999
12/8/2021 11:42,70.230377,-148.382812,6893.13,-31957.71,-65528.64,73231.23056,73193.48456,999
12/8/2021 11:44,70.230377,-148.382812,6700.41,-31927.6,-65580.29,73246.44409,73197.45211,999
12/8/2021 11:45,70.230377,-148.382812,6554.3,-32038.22,-65414.92,73133.56376,73200.57039,999
12/8/2021 11:46,70.230377,-148.382812,6633.54,-32077.29,-65342.04,73092.67117,73204.3915,999
12/8/2021 11:47,70.230377,-148.382812,6808.39,-32089.31,-65450.19,73210.69158,73192.28057,999
12/8/2021 11:48,70.230377,-148.382812,6740.34,-32077.37,-65405.97,73159.62521,73189.42654,999
12/8/2021 11:49,70.230377,-148.382812,6667.78,-32037.58,-65635.2,73340.61154,73197.35287,999
12/8/2021 11:51,70.230377,-148.382812,6795.28,-32059.16,-65766.82,73479.5222,73211.97531,999
12/8/2021 11:52,70.230377,-148.382812,6828.62,-32119.28,-65637.78,73393.43542,73221.80742,999
12/8/2021 11:53,70.230377,-148.382812,6758.69,-32056.97,-65753.29,73463.08163,73211.54999,999
12/8/2021 11:54,70.230377,-148.382812,6792.85,-31859.47,-65564.57,73211.21143,73208.20149,999
12/8/2021 11:55,70.230377,-148.382812,6853.22,-32007.53,-65182.51,72939.75741,73198.9624,999
12/8/2021 11:56,70.230377,-148.382812,6765.47,-31939.58,-65434.05,73126.76155,73207.18429,999
12/8/2021 11:58,70.230377,-148.382812,6760.49,-31907.08,-65338.08,73026.2328,73218.3767,999
12/8/2021 11:59,70.230377,-148.382812,6900.72,-31909.25,-65304.75,73010.48243,73216.87927,999
12/8/2021 12:00,70.230377,-148.382812,6932.8,-31916.27,-65409.58,73110.36289,73214.97823,999
12/8/2021 12:01,70.230377,-148.382812,6799.06,-32019.46,-65676.03,73381.29157,73213.72013,999
12/8/2021 12:02,70.230377,-148.382812,6898.08,-31912.19,-65637.7,73309.47442,73201.94017,999
12/8/2021 12:03,70.230377,-148.382812,6834.4,-31852.6,-65498.58,73152.99811,73188.52662,999
12/8/2021 12:05,70.230377,-148.382812,6729.65,-31924.44,-65490.77,73167.60905,73176.39514,999
12/8/2021 12:06,70.230377,-148.382812,6729.49,-31781.49,-65452.33,73070.90149,73184.19963,999
12/8/2021 12:07,70.230377,-148.382812,6724.72,-31721.75,-65725.95,73289.77954,73210.58826,999
12/8/2021 12:08,70.230377,-148.382812,6646.99,-31820.37,-65703.52,73305.32698,73205.50327,999
12/8/2021 12:09,70.230377,-148.382812,6850.24,-31813.47,-65548.59,73182.24042,73212.88323,999
12/8/2021 12:10,70.230377,-148.382812,6683,-31726.64,-65542.39,73123.50553,73217.1155,999
12/8/2021 12:12,70.230377,-148.382812,6709.12,-31739.01,-65749.24,73316.70756,73217.93849,999
12/8/2021 12:13,70.230377,-148.382812,6815.66,-31771.22,-65654.66,73255.70299,73208.85278,999
12/8/2021 12:14,70.230377,-148.382812,6891.38,-31860.99,-65472.42,73138.57794,73191.61607,999
12/8/2021 12:15,70.230377,-148.382812,6951.46,-31820.96,-65590.51,73232.58355,73177.03871,999
12/8/2021 12:16,70.230377,-148.382812,6877.44,-31789.84,-65755.02,73359.49675,73168.78552,999
12/8/2021 12:17,70.230377,-148.382812,6990.31,-31945.45,-65758.84,73441.14138,73169.43283,999
12/8/2021 12:19,70.230377,-148.382812,6851.78,-31897.69,-65337.53,73030.14681,73160.74344,999
12/8/2021 12:20,70.230377,-148.382812,7036.12,-31869.41,-65484.07,73166.45203,73154.52714,999
12/8/2021 12:21,70.230377,-148.382812,6829.88,-31783.58,-65463.24,73090.89553,73151.8136,999
12/8/2021 12:22,70.230377,-148.382812,7015.29,-31737.17,-65505.34,73125.99963,73158.92846,999
12/8/2021 12:23,70.230377,-148.382812,6939.46,-31789.05,-65580.55,73208.66303,73168.68417,999
12/8/2021 12:24,70.230377,-148.382812,7002.44,-31786.5,-65321.92,72981.97709,73181.4974,999
12/8/2021 12:26,70.230377,-148.382812,6824.62,-31715.4,-65256.98,72876.02812,73195.42504,999
12/8/2021 12:27,70.230377,-148.382812,6897.61,-31778.76,-65369.03,73010.79848,73208.64568,999
12/8/2021 12:28,70.230377,-148.382812,6792.25,-31796.93,-65452.08,73083.20049,73222.50124,999
12/8/2021 12:29,70.230377,-148.382812,6876.93,-31837.98,-65469.61,73124.68099,73231.15443,999
12/8/2021 12:30,70.230377,-148.382812,6836.66,-31911.85,-65507.73,73187.21733,73259.78952,999
12/8/2021 12:31,70.230377,-148.382812,6745.28,-31855.72,-65481.38,73130.6832,73272.95756,999
12/8/2021 12:33,70.230377,-148.382812,6719.57,-31857.83,-65625.92,73258.68774,73296.22855,999
12/8/2021 12:34,70.230377,-148.382812,6720.49,-32003.27,-65826.89,73502.06612,73306.22739,999
12/8/2021 12:35,70.230377,-148.382812,6693.25,-32051.57,-65802.91,73499.15441,73310.16183,999
12/8/2021 12:36,70.230377,-148.382812,6765.5,-31935.47,-65744.84,73403.20307,73333.71713,999
12/8/2021 12:37,70.230377,-148.382812,6756.08,-32061.11,-65774.66,73483.77569,73368.20653,999
12/8/2021 12:38,70.230377,-148.382812,6796.29,-31854.76,-66025.71,73622.75242,73386.20106,999
12/8/2021 12:40,70.230377,-148.382812,6759.56,-32088.59,-65896.95,73605.55196,73395.59236,999
12/8/2021 12:41,70.230377,-148.382812,6729.21,-32020.46,-65898.2,73574.21348,73410.28553,999
12/8/2021 12:42,70.230377,-148.382812,7014.14,-31957.2,-65723.23,73416.64493,73422.88981,999
12/8/2021 12:43,70.230377,-148.382812,7008.76,-32054.82,-65806.34,73533.04418,73443.02964,999
12/8/2021 12:44,70.230377,-148.382812,6973.01,-31978.86,-65604.59,73315.97769,73452.94973,999
12/8/2021 12:45,70.230377,-148.382812,6805.15,-31992.32,-65579.27,73283.41736,73450.87311,999
12/8/2021 12:47,70.230377,-148.382812,7011.61,-31952.49,-65740.18,73429.52784,73452.16676,999
12/8/2021 12:48,70.230377,-148.382812,6949.24,-31859.77,-65905.38,73531.32662,73449.50161,999
12/8/2021 12:49,70.230377,-148.382812,7025.54,-31771.97,-65740.41,73352.69454,73452.12138,999
12/8/2021 12:50,70.230377,-148.382812,7032.83,-31924.52,-65563.95,73261.63535,73435.01832,999
12/8/2021 12:51,70.230377,-148.382812,7063.96,-31954.18,-65705.07,73403.85122,73427.72192,999
12/8/2021 12:52,70.230377,-148.382812,7036.51,-31918.13,-65751.05,73426.69863,73424.5404,999
12/8/2021 12:54,70.230377,-148.382812,7007.04,-31756.4,-65929.08,73513.33988,73436.50389,999
12/8/2021 12:55,70.230377,-148.382812,7050.88,-31808.83,-65825.3,73447.16941,73441.43181,999
12/8/2021 12:56,70.230377,-148.382812,7219.63,-31769.79,-65843.09,73462.61032,73467.93854,999
12/8/2021 12:57,70.230377,-148.382812,7184.02,-31862.74,-65870.29,73523.73391,73489.12483,999
12/8/2021 12:58,70.230377,-148.382812,7330.04,-31792.52,-65697.07,73352.5652,73497.70154,999
12/8/2021 12:59,70.230377,-148.382812,7131.74,-31797.62,-65918.38,73533.55136,73503.81297,999
12/8/2021 13:01,70.230377,-148.382812,7310.34,-31732.47,-65667.16,73297.79414,73517.6604,999
12/8/2021 13:02,70.230377,-148.382812,7118.39,-31706.86,-65889.24,73466.92041,73535.81582,999
12/8/2021 13:03,70.230377,-148.382812,7165.93,-31761.47,-65910.03,73513.76459,73545.6209,999
12/8/2021 13:04,70.230377,-148.382812,7041.04,-31779.88,-66059.78,73643.95122,73566.65862,999
12/8/2021 13:05,70.230377,-148.382812,7157.43,-31809.67,-66013.66,73626.67462,73573.12599,999
12/8/2021 13:06,70.230377,-148.382812,7002.96,-31850.63,-66225.6,73819.60563,73582.37489,999
12/8/2021 13:08,70.230377,-148.382812,6921.25,-31883.52,-66069.34,73685.95685,73597.40509,999
12/8/2021 13:09,70.230377,-148.382812,6973.87,-31928.3,-65937.87,73592.48538,73615.206,999
12/8/2021 13:10,70.230377,-148.382812,6952.83,-31890.2,-66019.84,73647.44378,73629.53891,999
12/8/2021 13:11,70.230377,-148.382812,7136.96,-31876.01,-65971.73,73615.79566,73635.39129,999
12/8/2021 13:12,70.230377,-148.382812,7167.18,-31847.81,-65971.8,73606.58847,73662.23119,999
12/8/2021 13:13,70.230377,-148.382812,7256.74,-31919.44,-65909.02,73590.14773,73674.87679,999
12/8/2021 13:15,70.230377,-148.382812,7075.45,-31852.95,-66224.37,73826.41532,73679.73752,999
12/8/2021 13:16,70.230377,-148.382812,7100.88,-31872.39,-66000.16,73636.21976,73683.36219,999
12/8/2021 13:17,70.230377,-148.382812,7023.94,-31828.73,-66014.6,73622.89861,73681.02546,999
12/8/2021 13:18,70.230377,-148.382812,7173.09,-31836.23,-66134.68,73748.18411,73673.09799,999
12/8/2021 13:19,70.230377,-148.382812,7078,-31902.56,-66239.84,73861.95111,73662.82113,999
12/8/2021 13:20,70.230377,-148.382812,7007.91,-31796.01,-66034.29,73624.89056,73659.96286,999
12/8/2021 13:22,70.230377,-148.382812,7081.35,-31873.78,-66011.1,73644.74654,73669.39535,999
12/8/2021 13:23,70.230377,-148.382812,7232.97,-31886.9,-66170.19,73807.75224,73662.31836,999
12/8/2021 13:24,70.230377,-148.382812,7033.63,-31883.71,-66081.06,73707.18693,73648.58779,999
12/8/2021 13:25,70.230377,-148.382812,6961.19,-31873.49,-65980.93,73606.11832,73629.93422,999
12/8/2021 13:26,70.230377,-148.382812,7048.17,-31940.2,-66058.51,73712.81991,73607.49234,999
12/8/2021 13:27,70.230377,-148.382812,6866.9,-31765.12,-66016.47,73582.27691,73594.283,999
12/8/2021 13:29,70.230377,-148.382812,6854.66,-31810.35,-66092.62,73668.98363,73593.98403,999
12/8/2021 13:30,70.230377,-148.382812,6837.98,-31651.39,-65972.07,73490.69655,73592.61809,999
12/8/2021 13:31,70.230377,-148.382812,6870.87,-31700.6,-65997.93,73538.17824,73581.06957,999
12/8/2021 13:32,70.230377,-148.382812,6753.74,-31733.62,-66315.46,73826.66102,73573.141,999
12/8/2021 13:33,70.230377,-148.382812,6795.8,-31710.05,-65937.82,73481.33283,73567.58979,999
12/8/2021 13:34,70.230377,-148.382812,6883.44,-31790.27,-65738.8,73345.7077,73556.59986,999
12/8/2021 13:36,70.230377,-148.382812,7019.97,-31794.68,-65599.47,73235.7298,73556.77633,999
12/8/2021 13:37,70.230377,-148.382812,6887.73,-31701.12,-65841.94,73400.01973,73555.99672,999
12/8/2021 13:38,70.230377,-148.382812,7031.1,-31691,-65815.18,73385.24216,73546.41431,999
12/8/2021 13:39,70.230377,-148.382812,6822.11,-31847.58,-66020.34,73617.2183,73548.7576,999
12/8/2021 13:40,70.230377,-148.382812,6713.01,-31843.32,-66150.63,73722.23126,73543.58948,999
12/8/2021 13:41,70.230377,-148.382812,6691.29,-31744.85,-66111.37,73642.5292,73542.42987,999
12/8/2021 13:43,70.230377,-148.382812,6827.07,-31718.58,-65922.59,73474.24769,73536.71118,999
12/8/2021 13:44,70.230377,-148.382812,6887.88,-31780.81,-65958.79,73539.27354,73524.13893,999
12/8/2021 13:45,70.230377,-148.382812,7017.23,-31711.09,-66045.21,73598.94367,73524.23919,999
12/8/2021 13:46,70.230377,-148.382812,6938.18,-31708.34,-66179.2,73710.53982,73526.33926,999
12/8/2021 13:47,70.230377,-148.382812,6870.65,-31726.79,-66044.57,73591.30561,73536.11714,999
12/8/2021 13:48,70.230377,-148.382812,6876.09,-31808.44,-65937.2,73530.7542,73534.6622,999
12/8/2021 13:50,70.230377,-148.382812,6849.79,-31768.38,-66066.3,73626.79938,73534.80633,999
12/8/2021 13:51,70.230377,-148.382812,7021.32,-31781.77,-65979.4,73570.78947,73538.14296,999
12/8/2021 13:52,70.230377,-148.382812,6992.44,-31800.99,-65859.3,73468.66392,73540.49143,999
12/8/2021 13:53,70.230377,-148.382812,6804.99,-31761.79,-65854.2,73429.52302,73535.60275,999
12/8/2021 13:54,70.230377,-148.382812,6716.54,-31911,-65967.71,73587.78834,73547.12693,999
12/8/2021 13:55,70.230377,-148.382812,6867.84,-31892.27,-65844.53,73483.23784,73558.45891,999
12/8/2021 13:57,70.230377,-148.382812,6827.16,-31815.03,-65777.21,73385.60896,73560.65713,999
12/8/2021 13:58,70.230377,-148.382812,6850.47,-31872.08,-65787.23,73421.50948,73547.48358,999
12/8/2021 13:59,70.230377,-148.382812,6792.95,-31943.16,-65703.85,73372.3759,73554.7155,999
12/8/2021 14:00,70.230377,-148.382812,6879.22,-31857.67,-65753.79,73387.98066,73563.8727,999
12/8/2021 14:01,70.230377,-148.382812,6689.61,-31824.46,-66115.7,73680.61429,73571.59375,999
12/8/2021 14:02,70.230377,-148.382812,7012.69,-31815.71,-66182.56,73766.85212,73574.36823,999
12/8/2021 14:04,70.230377,-148.382812,6930.87,-31893.52,-65911.43,73549.64433,73576.04883,999
12/8/2021 14:05,70.230377,-148.382812,6866.15,-31907.56,-66071.57,73693.20704,73585.10673,999
12/8/2021 14:06,70.230377,-148.382812,6915.62,-31799.81,-66186.74,73754.58133,73584.48868,999
12/8/2021 14:07,70.230377,-148.382812,7025.11,-31847.31,-66025.38,73640.70973,73590.47679,999
12/8/2021 14:08,70.230377,-148.382812,6982.37,-31913.4,-65796.57,73460.2424,73600.96798,999
12/8/2021 14:09,70.230377,-148.382812,6933.96,-31875.72,-66119.45,73728.71215,73609.55395,999
12/8/2021 14:11,70.230377,-148.382812,6898.34,-31798.19,-66133.78,73704.74095,73621.16522,999
12/8/2021 14:12,70.230377,-148.382812,6868.82,-31904.44,-66162.34,73773.4994,73631.99982,999
12/8/2021 14:13,70.230377,-148.382812,6839.75,-31887.55,-66006.23,73623.50456,73624.00273,999
12/8/2021 14:14,70.230377,-148.382812,6968.32,-31742.06,-65925.88,73500.59531,73616.96773,999
12/8/2021 14:15,70.230377,-148.382812,6806.9,-31821.91,-66016.9,73601.62314,73612.4471,999
12/8/2021 14:16,70.230377,-148.382812,6873.83,-31817.46,-65983.59,73576.04535,73608.81685,999
12/8/2021 14:18,70.230377,-148.382812,6852.67,-31701.62,-66064.88,73597.01194,73598.12672,999
12/8/2021 14:19,70.230377,-148.382812,6997.59,-31693.01,-66040.37,73584.94152,73588.43317,999
12/8/2021 14:20,70.230377,-148.382812,6865.08,-31802.33,-66001.38,73584.64295,73591.97029,999
12/8/2021 14:21,70.230377,-148.382812,6884.69,-31728.59,-66044.12,73592.98993,73589.70719,999
12/8/2021 14:22,70.230377,-148.382812,6827.66,-31792.39,-66020.3,73593.83816,73578.53334,999
12/8/2021 14:23,70.230377,-148.382812,6945.54,-31759.47,-65951.2,73528.66952,73567.43325,999
12/8/2021 14:25,70.230377,-148.382812,6973.87,-31746.49,-66070.96,73633.18712,73557.96463,999
12/8/2021 14:26,70.230377,-148.382812,6819.77,-31641.47,-65948.7,73463.75241,73556.21912,999
12/8/2021 14:27,70.230377,-148.382812,6878.51,-31552.6,-66163.79,73624.23225,73556.88812,999
12/8/2021 14:28,70.230377,-148.382812,6786.98,-31731.46,-66006.59,73551.46888,73552.97604,999
12/8/2021 14:29,70.230377,-148.382812,6722.38,-31821.79,-65863.84,73456.53226,73544.79403,999
12/8/2021 14:30,70.230377,-148.382812,6798.58,-31839,-65926.8,73527.44773,73541.39579,999
12/8/2021 14:32,70.230377,-148.382812,6720.49,-31995.05,-66035.87,73685.71325,73534.66495,999
12/8/2021 14:33,70.230377,-148.382812,6768.21,-31972.3,-65826.3,73492.43774,73525.48765,999
12/8/2021 14:34,70.230377,-148.382812,6743.23,-32038.37,-65875.09,73562.59774,73523.80936,999
12/8/2021 14:35,70.230377,-148.382812,6712.14,-31720.84,-65899.15,73443.6007,73529.46535,999
12/8/2021 14:36,70.230377,-148.382812,6711.1,-31789.07,-65892.94,73467.43072,73527.45809,999
12/8/2021 14:37,70.230377,-148.382812,6878.95,-31899.44,-65986.18,73614.33404,73528.59702,999
12/8/2021 14:39,70.230377,-148.382812,6895.59,-31845.29,-65884.98,73501.71594,73515.93294,999
12/8/2021 14:40,70.230377,-148.382812,6944.23,-31721.91,-65872.3,73441.55371,73519.83289,999
12/8/2021 14:41,70.230377,-148.382812,6827.24,-31762.43,-65952.88,73520.37504,73524.67152,999
12/8/2021 14:42,70.230377,-148.382812,6699.31,-31881.48,-65837.57,73456.75697,73522.98485,999
12/8/2021 14:43,70.230377,-148.382812,6602.06,-31779.33,-65854.24,73418.62119,73509.91307,999
12/8/2021 14:44,70.230377,-148.382812,6829.66,-31811.51,-65975.33,73561.95071,73506.90095,999
12/8/2021 14:46,70.230377,-148.382812,6726.99,-31799.31,-66074.44,73636.13333,73500.04749,999
12/8/2021 14:47,70.230377,-148.382812,6918.36,-31806.79,-66005.27,73595.04917,73501.17993,999
12/8/2021 14:48,70.230377,-148.382812,6856.84,-31784.33,-65900.25,73485.39201,73504.38892,999
12/8/2021 14:49,70.230377,-148.382812,6958.18,-31839.83,-65749.25,73383.61478,73510.34095,999
12/8/2021 14:50,70.230377,-148.382812,6912.16,-31939.88,-65975.68,73625.56785,73510.82012,999
12/8/2021 14:51,70.230377,-148.382812,6924.29,-31882.6,-65916.09,73548.4663,,999
12/8/2021 14:53,70.230377,-148.382812,6955.59,-31859.49,-65864.76,73495.40084,,999
12/8/2021 14:54,70.230377,-148.382812,6857.61,-31825.22,-65826.84,73437.34954,,999
12/8/2021 14:55,70.230377,-148.382812,6843.17,-31741.01,-65866.6,73435.20741,,999
12/8/2021 14:56,70.230377,-148.382812,6850.06,-31801.93,-65833.34,73432.38202,,999
12/8/2021 14:57,70.230377,-148.382812,6925.2,-31949.86,-65790.36,73465.11701,,999
12/8/2021 14:58,70.230377,-148.382812,6758.9,-31866.1,-65918.85,73528.40161,,999
12/8/2021 15:00,70.230377,-148.382812,6683.15,-31702.38,-66227.09,73727.42259,,999
