 Format                 IAGA-2002                                    |
 Source of Data         United States Geological Survey (USGS)       |
 Station Name           Barrow                                       |
 IAGA CODE              BRW                                          |
 Geodetic Latitude      71.322                                       |
 Geodetic Longitude     203.378                                      |
 Elevation              10                                           |
 Reported               HNULNULNUL                                   |
 Sensor Orientation     HDZF                                         |
 Digital Sampling       0.01 second                                  |
 Data Interval Type     1-minute                                     |
 Data Type              adjusted                                     |
 # Scalar and Vector 1-minute values are computed from 1 Hz values   |
 # using an INTERMAGNET gaussian filter centered on the start of the |
 # minute (00:30-01:30).                                             |
 # CONDITIONS OF USE: The Conditions of Use for data provided        |
 # through INTERMAGNET and acknowledgement templates can be found at |
 # www.intermagnet.org                                               |
DATE       TIME         DOY     BRWH      BRWNUL    BRWNUL    BRWNUL |
2021-12-15 20:38:00.000 349      9140.91  99999.00  99999.00  99999.00
2021-12-15 20:39:00.000 349      9159.40  99999.00  99999.00  99999.00
2021-12-15 20:40:00.000 349      9172.41  99999.00  99999.00  99999.00
2021-12-15 20:41:00.000 349      9160.46  99999.00  99999.00  99999.00
2021-12-15 20:42:00.000 349      9166.96  99999.00  99999.00  99999.00
2021-12-15 20:43:00.000 349      9174.83  99999.00  99999.00  99999.00
2021-12-15 20:44:00.000 349      9137.22  99999.00  99999.00  99999.00
2021-12-15 20:45:00.000 349      9148.19  99999.00  99999.00  99999.00
2021-12-15 20:46:00.000 349      9158.75  99999.00  99999.00  99999.00
2021-12-15 20:47:00.000 349      9144.09  99999.00  99999.00  99999.00
2021-12-15 20:48:00.000 349      9150.44  99999.00  99999.00  99999.00
2021-12-15 20:49:00.000 349      9152.59  99999.00  99999.00  99999.00
2021-12-15 20:50:00.000 349      9158.90  99999.00  99999.00  99999.00
2021-12-15 20:51:00.000 349      9166.89  99999.00  99999.00  99999.00
2021-12-15 20:52:00.000 349      9156.97  99999.00  99999.00  99999.00
2021-12-15 20:53:00.000 349      9146.51  99999.00  99999.00  99999.00
2021-12-15 20:54:00.000 349      9153.57  99999.00  99999.00  99999.00
2021-12-15 20:55:00.000 349      9153.12  99999.00  99999.00  99999.00
2021-12-15 20:56:00.000 349      9153.70  99999.00  99999.00  99999.00
2021-12-15 20:57:00.000 349      9145.36  99999.00  99999.00  99999.00
2021-12-15 20:58:00.000 349      9152.84  99999.00  99999.00  99999.00
2021-12-15 20:59:00.000 349      9200.29  99999.00  99999.00  99999.00
2021-12-15 21:00:00.000 349      9186.40  99999.00  99999.00  99999.00
2021-12-15 21:01:00.000 349      9134.75  99999.00  99999.00  99999.00
2021-12-15 21:02:00.000 349      9159.90  99999.00  99999.00  99999.00
2021-12-15 21:03:00.000 349      9213.25  99999.00  99999.00  99999.00
2021-12-15 21:04:00.000 349      9193.14  99999.00  99999.00  99999.00
2021-12-15 21:05:00.000 349      9164.20  99999.00  99999.00  99999.00
2021-12-15 21:06:00.000 349      9180.77  99999.00  99999.00  99999.00
2021-12-15 21:07:00.000 349      9211.66  99999.00  99999.00  99999.00
2021-12-15 21:08:00.000 349      9209.80  99999.00  99999.00  99999.00
2021-12-15 21:09:00.000 349      9197.28  99999.00  99999.00  99999.00
2021-12-15 21:10:00.000 349      9193.74  99999.00  99999.00  99999.00
2021-12-15 21:11:00.000 349      9197.36  99999.00  99999.00  99999.00
2021-12-15 21:12:00.000 349      9218.71  99999.00  99999.00  99999.00
2021-12-15 21:13:00.000 349      9229.06  99999.00  99999.00  99999.00
2021-12-15 21:14:00.000 349      9216.36  99999.00  99999.00  99999.00
2021-12-15 21:15:00.000 349      9197.02  99999.00  99999.00  99999.00
2021-12-15 21:16:00.000 349      9180.30  99999.00  99999.00  99999.00
2021-12-15 21:17:00.000 349      9238.37  99999.00  99999.00  99999.00
2021-12-15 21:18:00.000 349      9256.16  99999.00  99999.00  99999.00
2021-12-15 21:19:00.000 349      9208.79  99999.00  99999.00  99999.00
2021-12-15 21:20:00.000 349      9206.55  99999.00  99999.00  99999.00
2021-12-15 21:21:00.000 349      9215.36  99999.00  99999.00  99999.00
2021-12-15 21:22:00.000 349      9222.37  99999.00  99999.00  99999.00
2021-12-15 21:23:00.000 349      9218.37  99999.00  99999.00  99999.00
2021-12-15 21:24:00.000 349      9195.91  99999.00  99999.00  99999.00
2021-12-15 21:25:00.000 349      9196.32  99999.00  99999.00  99999.00
2021-12-15 21:26:00.000 349      9203.87  99999.00  99999.00  99999.00
2021-12-15 21:27:00.000 349      9193.34  99999.00  99999.00  99999.00
2021-12-15 21:28:00.000 349      9181.32  99999.00  99999.00  99999.00
2021-12-15 21:29:00.000 349      9210.62  99999.00  99999.00  99999.00
2021-12-15 21:30:00.000 349      9221.49  99999.00  99999.00  99999.00
2021-12-15 21:31:00.000 349      9179.23  99999.00  99999.00  99999.00
2021-12-15 21:32:00.000 349      9193.99  99999.00  99999.00  99999.00
2021-12-15 21:33:00.000 349      9222.68  99999.00  99999.00  99999.00
2021-12-15 21:34:00.000 349      9237.76  99999.00  99999.00  99999.00
2021-12-15 21:35:00.000 349      9217.95  99999.00  99999.00  99999.00
2021-12-15 21:36:00.000 349      9213.96  99999.00  99999.00  99999.00
2021-12-15 21:37:00.000 349      9219.00  99999.00  99999.00  99999.00
2021-12-15 21:38:00.000 349      9209.58  99999.00  99999.00  99999.00
2021-12-15 21:39:00.000 349      9191.57  99999.00  99999.00  99999.00
2021-12-15 21:40:00.000 349      9208.47  99999.00  99999.00  99999.00
2021-12-15 21:41:00.000 349      9189.74  99999.00  99999.00  99999.00
2021-12-15 21:42:00.000 349      9185.04  99999.00  99999.00  99999.00
2021-12-15 21:43:00.000 349      9213.83  99999.00  99999.00  99999.00
2021-12-15 21:44:00.000 349      9173.07  99999.00  99999.00  99999.00
2021-12-15 21:45:00.000 349      9129.02  99999.00  99999.00  99999.00
2021-12-15 21:46:00.000 349      9194.25  99999.00  99999.00  99999.00
2021-12-15 21:47:00.000 349      9259.91  99999.00  99999.00  99999.00
2021-12-15 21:48:00.000 349      9237.94  99999.00  99999.00  99999.00
2021-12-15 21:49:00.000 349      9212.18  99999.00  99999.00  99999.00
2021-12-15 21:50:00.000 349      9193.78  99999.00  99999.00  99999.00
2021-12-15 21:51:00.000 349      9207.06  99999.00  99999.00  99999.00
2021-12-15 21:52:00.000 349      9208.84  99999.00  99999.00  99999.00
2021-12-15 21:53:00.000 349      9188.95  99999.00  99999.00  99999.00
2021-12-15 21:54:00.000 349      9202.60  99999.00  99999.00  99999.00
2021-12-15 21:55:00.000 349      9222.40  99999.00  99999.00  99999.00
2021-12-15 21:56:00.000 349      9215.45  99999.00  99999.00  99999.00
2021-12-15 21:57:00.000 349      9199.55  99999.00  99999.00  99999.00
2021-12-15 21:58:00.000 349      9189.91  99999.00  99999.00  99999.00
2021-12-15 21:59:00.000 349      9204.29  99999.00  99999.00  99999.00
2021-12-15 22:00:00.000 349      9202.88  99999.00  99999.00  99999.00
2021-12-15 22:01:00.000 349      9194.16  99999.00  99999.00  99999.00
2021-12-15 22:02:00.000 349      9195.57  99999.00  99999.00  99999.00
2021-12-15 22:03:00.000 349      9197.47  99999.00  99999.00  99999.00
2021-12-15 22:04:00.000 349      9195.55  99999.00  99999.00  99999.00
2021-12-15 22:05:00.000 349      9195.31  99999.00  99999.00  99999.00
2021-12-15 22:06:00.000 349      9194.48  99999.00  99999.00  99999.00
2021-12-15 22:07:00.000 349      9202.59  99999.00  99999.00  99999.00
2021-12-15 22:08:00.000 349      9214.02  99999.00  99999.00  99999.00
2021-12-15 22:09:00.000 349      9216.37  99999.00  99999.00  99999.00
2021-12-15 22:10:00.000 349      9213.96  99999.00  99999.00  99999.00
2021-12-15 22:11:00.000 349      9236.24  99999.00  99999.00  99999.00
2021-12-15 22:12:00.000 349      9241.22  99999.00  99999.00  99999.00
2021-12-15 22:13:00.000 349      9220.16  99999.00  99999.00  99999.00
2021-12-15 22:14:00.000 349      9214.41  99999.00  99999.00  99999.00
2021-12-15 22:15:00.000 349      9214.11  99999.00  99999.00  99999.00
2021-12-15 22:16:00.000 349      9206.90  99999.00  99999.00  99999.00
2021-12-15 22:17:00.000 349      9208.42  99999.00  99999.00  99999.00
2021-12-15 22:18:00.000 349      9205.06  99999.00  99999.00  99999.00
2021-12-15 22:19:00.000 349      9196.11  99999.00  99999.00  99999.00
2021-12-15 22:20:00.000 349      9214.75  99999.00  99999.00  99999.00
2021-12-15 22:21:00.000 349      9215.15  99999.00  99999.00  99999.00
2021-12-15 22:22:00.000 349      9185.05  99999.00  99999.00  99999.00
2021-12-15 22:23:00.000 349      9180.48  99999.00  99999.00  99999.00
2021-12-15 22:24:00.000 349      9206.71  99999.00  99999.00  99999.00
2021-12-15 22:25:00.000 349      9212.29  99999.00  99999.00  99999.00
2021-12-15 22:26:00.000 349      9141.66  99999.00  99999.00  99999.00
2021-12-15 22:27:00.000 349      9120.98  99999.00  99999.00  99999.00
2021-12-15 22:28:00.000 349      9210.73  99999.00  99999.00  99999.00
2021-12-15 22:29:00.000 349      9233.79  99999.00  99999.00  99999.00
2021-12-15 22:30:00.000 349      9205.56  99999.00  99999.00  99999.00
2021-12-15 22:31:00.000 349      9197.42  99999.00  99999.00  99999.00
2021-12-15 22:32:00.000 349      9223.36  99999.00  99999.00  99999.00
2021-12-15 22:33:00.000 349      9227.86  99999.00  99999.00  99999.00
2021-12-15 22:34:00.000 349      9208.35  99999.00  99999.00  99999.00
2021-12-15 22:35:00.000 349      9185.20  99999.00  99999.00  99999.00
2021-12-15 22:36:00.000 349      9178.88  99999.00  99999.00  99999.00
2021-12-15 22:37:00.000 349      9187.40  99999.00  99999.00  99999.00
2021-12-15 22:38:00.000 349      9192.26  99999.00  99999.00  99999.00
2021-12-15 22:39:00.000 349      9195.49  99999.00  99999.00  99999.00
2021-12-15 22:40:00.000 349      9195.48  99999.00  99999.00  99999.00
2021-12-15 22:41:00.000 349      9181.03  99999.00  99999.00  99999.00
2021-12-15 22:42:00.000 349      9194.59  99999.00  99999.00  99999.00
2021-12-15 22:43:00.000 349      9215.17  99999.00  99999.00  99999.00
2021-12-15 22:44:00.000 349      9232.10  99999.00  99999.00  99999.00
2021-12-15 22:45:00.000 349      9211.95  99999.00  99999.00  99999.00
2021-12-15 22:46:00.000 349      9191.02  99999.00  99999.00  99999.00
2021-12-15 22:47:00.000 349      9196.46  99999.00  99999.00  99999.00
2021-12-15 22:48:00.000 349      9207.17  99999.00  99999.00  99999.00
2021-12-15 22:49:00.000 349      9212.40  99999.00  99999.00  99999.00
2021-12-15 22:50:00.000 349      9212.89  99999.00  99999.00  99999.00
2021-12-15 22:51:00.000 349      9209.67  99999.00  99999.00  99999.00
2021-12-15 22:52:00.000 349      9214.59  99999.00  99999.00  99999.00
2021-12-15 22:53:00.000 349      9213.03  99999.00  99999.00  99999.00
2021-12-15 22:54:00.000 349      9207.62  99999.00  99999.00  99999.00
2021-12-15 22:55:00.000 349      9201.08  99999.00  99999.00  99999.00
2021-12-15 22:56:00.000 349      9199.47  99999.00  99999.00  99999.00
2021-12-15 22:57:00.000 349      9194.77  99999.00  99999.00  99999.00
2021-12-15 22:58:00.000 349      9189.44  99999.00  99999.00  99999.00
2021-12-15 22:59:00.000 349      9189.84  99999.00  99999.00  99999.00
2021-12-15 23:00:00.000 349      9202.07  99999.00  99999.00  99999.00
2021-12-15 23:01:00.000 349      9204.38  99999.00  99999.00  99999.00
2021-12-15 23:02:00.000 349      9203.49  99999.00  99999.00  99999.00
2021-12-15 23:03:00.000 349      9199.03  99999.00  99999.00  99999.00
2021-12-15 23:04:00.000 349      9192.27  99999.00  99999.00  99999.00
2021-12-15 23:05:00.000 349      9189.58  99999.00  99999.00  99999.00
2021-12-15 23:06:00.000 349      9192.26  99999.00  99999.00  99999.00
2021-12-15 23:07:00.000 349      9194.13  99999.00  99999.00  99999.00
2021-12-15 23:08:00.000 349      9196.02  99999.00  99999.00  99999.00
2021-12-15 23:09:00.000 349      9197.08  99999.00  99999.00  99999.00
2021-12-15 23:10:00.000 349      9205.39  99999.00  99999.00  99999.00
2021-12-15 23:11:00.000 349      9203.24  99999.00  99999.00  99999.00
2021-12-15 23:12:00.000 349      9191.85  99999.00  99999.00  99999.00
2021-12-15 23:13:00.000 349      9180.10  99999.00  99999.00  99999.00
2021-12-15 23:14:00.000 349      9186.65  99999.00  99999.00  99999.00
2021-12-15 23:15:00.000 349      9186.53  99999.00  99999.00  99999.00
2021-12-15 23:16:00.000 349      9175.50  99999.00  99999.00  99999.00
2021-12-15 23:17:00.000 349      9164.50  99999.00  99999.00  99999.00
2021-12-15 23:18:00.000 349      9165.24  99999.00  99999.00  99999.00
2021-12-15 23:19:00.000 349      9171.73  99999.00  99999.00  99999.00
2021-12-15 23:20:00.000 349      9171.00  99999.00  99999.00  99999.00
2021-12-15 23:21:00.000 349      9164.05  99999.00  99999.00  99999.00
2021-12-15 23:22:00.000 349      9172.02  99999.00  99999.00  99999.00
2021-12-15 23:23:00.000 349      9193.65  99999.00  99999.00  99999.00
2021-12-15 23:24:00.000 349      9201.92  99999.00  99999.00  99999.00
2021-12-15 23:25:00.000 349      9195.84  99999.00  99999.00  99999.00
2021-12-15 23:26:00.000 349      9196.24  99999.00  99999.00  99999.00
2021-12-15 23:27:00.000 349      9200.33  99999.00  99999.00  99999.00
2021-12-15 23:28:00.000 349      9204.90  99999.00  99999.00  99999.00
2021-12-15 23:29:00.000 349      9209.63  99999.00  99999.00  99999.00
2021-12-15 23:30:00.000 349      9210.32  99999.00  99999.00  99999.00
2021-12-15 23:31:00.000 349      9202.26  99999.00  99999.00  99999.00
2021-12-15 23:32:00.000 349      9206.55  99999.00  99999.00  99999.00
2021-12-15 23:33:00.000 349      9219.35  99999.00  99999.00  99999.00
2021-12-15 23:34:00.000 349      9215.93  99999.00  99999.00  99999.00
2021-12-15 23:35:00.000 349      9196.23  99999.00  99999.00  99999.00
2021-12-15 23:36:00.000 349      9195.21  99999.00  99999.00  99999.00
2021-12-15 23:37:00.000 349      9201.78  99999.00  99999.00  99999.00
2021-12-15 23:38:00.000 349      9193.21  99999.00  99999.00  99999.00
2021-12-15 23:39:00.000 349      9173.32  99999.00  99999.00  99999.00
2021-12-15 23:40:00.000 349      9171.27  99999.00  99999.00  99999.00
2021-12-15 23:41:00.000 349      9191.45  99999.00  99999.00  99999.00
2021-12-15 23:42:00.000 349      9203.77  99999.00  99999.00  99999.00
2021-12-15 23:43:00.000 349      9196.46  99999.00  99999.00  99999.00
2021-12-15 23:44:00.000 349      9204.74  99999.00  99999.00  99999.00
2021-12-15 23:45:00.000 349      9206.12  99999.00  99999.00  99999.00
2021-12-15 23:46:00.000 349      9197.83  99999.00  99999.00  99999.00
2021-12-15 23:47:00.000 349      9198.65  99999.00  99999.00  99999.00
2021-12-15 23:48:00.000 349      9190.54  99999.00  99999.00  99999.00
2021-12-15 23:49:00.000 349      9175.99  99999.00  99999.00  99999.00
2021-12-15 23:50:00.000 349      9161.10  99999.00  99999.00  99999.00
2021-12-15 23:51:00.000 349      9163.37  99999.00  99999.00  99999.00
2021-12-15 23:52:00.000 349      9168.21  99999.00  99999.00  99999.00
2021-12-15 23:53:00.000 349      9162.66  99999.00  99999.00  99999.00
2021-12-15 23:54:00.000 349      9142.64  99999.00  99999.00  99999.00
2021-12-15 23:55:00.000 349      9139.01  99999.00  99999.00  99999.00
2021-12-15 23:56:00.000 349      9150.42  99999.00  99999.00  99999.00
2021-12-15 23:57:00.000 349      9190.91  99999.00  99999.00  99999.00
2021-12-15 23:58:00.000 349      9221.84  99999.00  99999.00  99999.00
2021-12-15 23:59:00.000 349      9233.69  99999.00  99999.00  99999.00
2021-12-16 00:00:00.000 350      9225.32  99999.00  99999.00  99999.00
2021-12-16 00:01:00.000 350      9212.30  99999.00  99999.00  99999.00
2021-12-16 00:02:00.000 350      9182.24  99999.00  99999.00  99999.00
2021-12-16 00:03:00.000 350      9155.34  99999.00  99999.00  99999.00
2021-12-16 00:04:00.000 350      9167.51  99999.00  99999.00  99999.00
2021-12-16 00:05:00.000 350      9191.06  99999.00  99999.00  99999.00
2021-12-16 00:06:00.000 350      9199.07  99999.00  99999.00  99999.00
2021-12-16 00:07:00.000 350      9218.58  99999.00  99999.00  99999.00
2021-12-16 00:08:00.000 350      9229.41  99999.00  99999.00  99999.00
2021-12-16 00:09:00.000 350      9236.19  99999.00  99999.00  99999.00
2021-12-16 00:10:00.000 350      9229.76  99999.00  99999.00  99999.00
2021-12-16 00:11:00.000 350      9228.92  99999.00  99999.00  99999.00
2021-12-16 00:12:00.000 350      9212.61  99999.00  99999.00  99999.00
2021-12-16 00:13:00.000 350      9199.15  99999.00  99999.00  99999.00
2021-12-16 00:14:00.000 350      9195.82  99999.00  99999.00  99999.00
2021-12-16 00:15:00.000 350      9190.56  99999.00  99999.00  99999.00
2021-12-16 00:16:00.000 350      9177.86  99999.00  99999.00  99999.00
2021-12-16 00:17:00.000 350      9174.30  99999.00  99999.00  99999.00
2021-12-16 00:18:00.000 350      9201.83  99999.00  99999.00  99999.00
2021-12-16 00:19:00.000 350      9222.20  99999.00  99999.00  99999.00
2021-12-16 00:20:00.000 350      9204.08  99999.00  99999.00  99999.00
2021-12-16 00:21:00.000 350      9204.82  99999.00  99999.00  99999.00
2021-12-16 00:22:00.000 350      9201.08  99999.00  99999.00  99999.00
2021-12-16 00:23:00.000 350      9214.01  99999.00  99999.00  99999.00
2021-12-16 00:24:00.000 350      9206.44  99999.00  99999.00  99999.00
2021-12-16 00:25:00.000 350      9182.02  99999.00  99999.00  99999.00
2021-12-16 00:26:00.000 350      9180.05  99999.00  99999.00  99999.00
2021-12-16 00:27:00.000 350      9202.54  99999.00  99999.00  99999.00
2021-12-16 00:28:00.000 350      9212.15  99999.00  99999.00  99999.00
2021-12-16 00:29:00.000 350      9210.05  99999.00  99999.00  99999.00
2021-12-16 00:30:00.000 350      9228.72  99999.00  99999.00  99999.00
2021-12-16 00:31:00.000 350      9237.69  99999.00  99999.00  99999.00
2021-12-16 00:32:00.000 350      9217.48  99999.00  99999.00  99999.00
2021-12-16 00:33:00.000 350      9198.08  99999.00  99999.00  99999.00
2021-12-16 00:34:00.000 350      9200.17  99999.00  99999.00  99999.00
2021-12-16 00:35:00.000 350      9199.77  99999.00  99999.00  99999.00
2021-12-16 00:36:00.000 350      9197.51  99999.00  99999.00  99999.00
2021-12-16 00:37:00.000 350      9199.79  99999.00  99999.00  99999.00
2021-12-16 00:38:00.000 350      9209.57  99999.00  99999.00  99999.00
2021-12-16 00:39:00.000 350      9217.88  99999.00  99999.00  99999.00
2021-12-16 00:40:00.000 350      9212.00  99999.00  99999.00  99999.00
2021-12-16 00:41:00.000 350      9191.69  99999.00  99999.00  99999.00
2021-12-16 00:42:00.000 350      9199.25  99999.00  99999.00  99999.00
2021-12-16 00:43:00.000 350      9214.49  99999.00  99999.00  99999.00
2021-12-16 00:44:00.000 350      9226.84  99999.00  99999.00  99999.00
2021-12-16 00:45:00.000 350      9227.98  99999.00  99999.00  99999.00
2021-12-16 00:46:00.000 350      9221.32  99999.00  99999.00  99999.00
2021-12-16 00:47:00.000 350      9233.98  99999.00  99999.00  99999.00
2021-12-16 00:48:00.000 350      9252.53  99999.00  99999.00  99999.00
2021-12-16 00:49:00.000 350      9233.19  99999.00  99999.00  99999.00
2021-12-16 00:50:00.000 350      9225.64  99999.00  99999.00  99999.00
2021-12-16 00:51:00.000 350      9229.38  99999.00  99999.00  99999.00
2021-12-16 00:52:00.000 350      9211.25  99999.00  99999.00  99999.00
2021-12-16 00:53:00.000 350      9209.15  99999.00  99999.00  99999.00
2021-12-16 00:54:00.000 350      9224.16  99999.00  99999.00  99999.00
2021-12-16 00:55:00.000 350      9218.17  99999.00  99999.00  99999.00
2021-12-16 00:56:00.000 350      9204.80  99999.00  99999.00  99999.00
2021-12-16 00:57:00.000 350      9206.29  99999.00  99999.00  99999.00
2021-12-16 00:58:00.000 350      9206.01  99999.00  99999.00  99999.00
2021-12-16 00:59:00.000 350      9201.99  99999.00  99999.00  99999.00
2021-12-16 01:00:00.000 350      9187.81  99999.00  99999.00  99999.00
2021-12-16 01:01:00.000 350      9194.87  99999.00  99999.00  99999.00
2021-12-16 01:02:00.000 350      9215.14  99999.00  99999.00  99999.00
2021-12-16 01:03:00.000 350      9206.94  99999.00  99999.00  99999.00
2021-12-16 01:04:00.000 350      9198.43  99999.00  99999.00  99999.00
2021-12-16 01:05:00.000 350      9170.40  99999.00  99999.00  99999.00
2021-12-16 01:06:00.000 350      9173.74  99999.00  99999.00  99999.00
2021-12-16 01:07:00.000 350      9220.72  99999.00  99999.00  99999.00
2021-12-16 01:08:00.000 350      9232.96  99999.00  99999.00  99999.00
2021-12-16 01:09:00.000 350      9215.32  99999.00  99999.00  99999.00
2021-12-16 01:10:00.000 350      9194.47  99999.00  99999.00  99999.00
2021-12-16 01:11:00.000 350      9186.87  99999.00  99999.00  99999.00
2021-12-16 01:12:00.000 350      9185.31  99999.00  99999.00  99999.00
2021-12-16 01:13:00.000 350      9175.16  99999.00  99999.00  99999.00
2021-12-16 01:14:00.000 350      9183.97  99999.00  99999.00  99999.00
2021-12-16 01:15:00.000 350      9192.97  99999.00  99999.00  99999.00
2021-12-16 01:16:00.000 350      9210.09  99999.00  99999.00  99999.00
2021-12-16 01:17:00.000 350      9221.90  99999.00  99999.00  99999.00
2021-12-16 01:18:00.000 350      9232.49  99999.00  99999.00  99999.00
2021-12-16 01:19:00.000 350      9252.61  99999.00  99999.00  99999.00
2021-12-16 01:20:00.000 350      9256.89  99999.00  99999.00  99999.00
2021-12-16 01:21:00.000 350      9258.45  99999.00  99999.00  99999.00
2021-12-16 01:22:00.000 350      9277.58  99999.00  99999.00  99999.00
2021-12-16 01:23:00.000 350      9259.15  99999.00  99999.00  99999.00
2021-12-16 01:24:00.000 350      9225.65  99999.00  99999.00  99999.00
2021-12-16 01:25:00.000 350      9214.20  99999.00  99999.00  99999.00
2021-12-16 01:26:00.000 350      9217.66  99999.00  99999.00  99999.00
2021-12-16 01:27:00.000 350      9232.66  99999.00  99999.00  99999.00
2021-12-16 01:28:00.000 350      9238.84  99999.00  99999.00  99999.00
2021-12-16 01:29:00.000 350      9228.86  99999.00  99999.00  99999.00
2021-12-16 01:30:00.000 350      9212.84  99999.00  99999.00  99999.00
2021-12-16 01:31:00.000 350      9209.64  99999.00  99999.00  99999.00
2021-12-16 01:32:00.000 350      9209.77  99999.00  99999.00  99999.00
2021-12-16 01:33:00.000 350      9207.78  99999.00  99999.00  99999.00
2021-12-16 01:34:00.000 350      9210.31  99999.00  99999.00  99999.00
2021-12-16 01:35:00.000 350      9213.68  99999.00  99999.00  99999.00
2021-12-16 01:36:00.000 350      9215.15  99999.00  99999.00  99999.00
2021-12-16 01:37:00.000 350      9217.26  99999.00  99999.00  99999.00
2021-12-16 01:38:00.000 350      9214.15  99999.00  99999.00  99999.00
2021-12-16 01:39:00.000 350      9218.22  99999.00  99999.00  99999.00
2021-12-16 01:40:00.000 350      9228.65  99999.00  99999.00  99999.00
2021-12-16 01:41:00.000 350      9231.92  99999.00  99999.00  99999.00
2021-12-16 01:42:00.000 350      9225.94  99999.00  99999.00  99999.00
2021-12-16 01:43:00.000 350      9218.87  99999.00  99999.00  99999.00
2021-12-16 01:44:00.000 350      9213.67  99999.00  99999.00  99999.00
2021-12-16 01:45:00.000 350      9216.19  99999.00  99999.00  99999.00
2021-12-16 01:46:00.000 350      9219.15  99999.00  99999.00  99999.00
2021-12-16 01:47:00.000 350      9223.04  99999.00  99999.00  99999.00
2021-12-16 01:48:00.000 350      9225.72  99999.00  99999.00  99999.00
2021-12-16 01:49:00.000 350      9197.81  99999.00  99999.00  99999.00
2021-12-16 01:50:00.000 350      9184.99  99999.00  99999.00  99999.00
2021-12-16 01:51:00.000 350      9205.28  99999.00  99999.00  99999.00
2021-12-16 01:52:00.000 350      9228.15  99999.00  99999.00  99999.00
2021-12-16 01:53:00.000 350      9232.85  99999.00  99999.00  99999.00
2021-12-16 01:54:00.000 350      9213.43  99999.00  99999.00  99999.00
2021-12-16 01:55:00.000 350      9199.64  99999.00  99999.00  99999.00
2021-12-16 01:56:00.000 350      9203.75  99999.00  99999.00  99999.00
2021-12-16 01:57:00.000 350      9206.66  99999.00  99999.00  99999.00
2021-12-16 01:58:00.000 350      9203.81  99999.00  99999.00  99999.00
2021-12-16 01:59:00.000 350      9204.54  99999.00  99999.00  99999.00
2021-12-16 02:00:00.000 350      9207.88  99999.00  99999.00  99999.00
2021-12-16 02:01:00.000 350      9206.21  99999.00  99999.00  99999.00
2021-12-16 02:02:00.000 350      9198.67  99999.00  99999.00  99999.00
2021-12-16 02:03:00.000 350      9197.96  99999.00  99999.00  99999.00
2021-12-16 02:04:00.000 350      9208.49  99999.00  99999.00  99999.00
2021-12-16 02:05:00.000 350      9214.69  99999.00  99999.00  99999.00
2021-12-16 02:06:00.000 350      9211.60  99999.00  99999.00  99999.00
2021-12-16 02:07:00.000 350      9203.50  99999.00  99999.00  99999.00
2021-12-16 02:08:00.000 350      9202.42  99999.00  99999.00  99999.00
2021-12-16 02:09:00.000 350      9201.52  99999.00  99999.00  99999.00
2021-12-16 02:10:00.000 350      9207.05  99999.00  99999.00  99999.00
2021-12-16 02:11:00.000 350      9206.99  99999.00  99999.00  99999.00
2021-12-16 02:12:00.000 350      9208.80  99999.00  99999.00  99999.00
2021-12-16 02:13:00.000 350      9226.52  99999.00  99999.00  99999.00
2021-12-16 02:14:00.000 350      9238.99  99999.00  99999.00  99999.00
2021-12-16 02:15:00.000 350      9235.90  99999.00  99999.00  99999.00
2021-12-16 02:16:00.000 350      9217.66  99999.00  99999.00  99999.00
2021-12-16 02:17:00.000 350      9209.22  99999.00  99999.00  99999.00
2021-12-16 02:18:00.000 350      9220.43  99999.00  99999.00  99999.00
2021-12-16 02:19:00.000 350      9229.94  99999.00  99999.00  99999.00
2021-12-16 02:20:00.000 350      9236.95  99999.00  99999.00  99999.00
2021-12-16 02:21:00.000 350      9230.14  99999.00  99999.00  99999.00
2021-12-16 02:22:00.000 350      9244.36  99999.00  99999.00  99999.00
2021-12-16 02:23:00.000 350      9259.26  99999.00  99999.00  99999.00
2021-12-16 02:24:00.000 350      9253.32  99999.00  99999.00  99999.00
2021-12-16 02:25:00.000 350      9235.18  99999.00  99999.00  99999.00
2021-12-16 02:26:00.000 350      9206.14  99999.00  99999.00  99999.00
2021-12-16 02:27:00.000 350      9201.38  99999.00  99999.00  99999.00
2021-12-16 02:28:00.000 350      9211.12  99999.00  99999.00  99999.00
2021-12-16 02:29:00.000 350      9223.84  99999.00  99999.00  99999.00
2021-12-16 02:30:00.000 350      9227.99  99999.00  99999.00  99999.00
2021-12-16 02:31:00.000 350      9227.64  99999.00  99999.00  99999.00
2021-12-16 02:32:00.000 350      9221.92  99999.00  99999.00  99999.00
2021-12-16 02:33:00.000 350      9230.96  99999.00  99999.00  99999.00
2021-12-16 02:34:00.000 350      9244.26  99999.00  99999.00  99999.00
2021-12-16 02:35:00.000 350      9261.78  99999.00  99999.00  99999.00
2021-12-16 02:36:00.000 350      9246.96  99999.00  99999.00  99999.00
2021-12-16 02:37:00.000 350      9223.21  99999.00  99999.00  99999.00
2021-12-16 02:38:00.000 350      9208.73  99999.00  99999.00  99999.00
2021-12-16 02:39:00.000 350      9210.78  99999.00  99999.00  99999.00
2021-12-16 02:40:00.000 350      9219.77  99999.00  99999.00  99999.00
2021-12-16 02:41:00.000 350      9230.57  99999.00  99999.00  99999.00
2021-12-16 02:42:00.000 350      9235.07  99999.00  99999.00  99999.00
2021-12-16 02:43:00.000 350      9234.82  99999.00  99999.00  99999.00
2021-12-16 02:44:00.000 350      9224.14  99999.00  99999.00  99999.00
2021-12-16 02:45:00.000 350      9227.32  99999.00  99999.00  99999.00
2021-12-16 02:46:00.000 350      9230.37  99999.00  99999.00  99999.00
2021-12-16 02:47:00.000 350      9243.20  99999.00  99999.00  99999.00
2021-12-16 02:48:00.000 350      9241.65  99999.00  99999.00  99999.00
2021-12-16 02:49:00.000 350      9236.84  99999.00  99999.00  99999.00
2021-12-16 02:50:00.000 350      9227.57  99999.00  99999.00  99999.00
2021-12-16 02:51:00.000 350      9221.25  99999.00  99999.00  99999.00
2021-12-16 02:52:00.000 350      9235.06  99999.00  99999.00  99999.00
2021-12-16 02:53:00.000 350      9252.16  99999.00  99999.00  99999.00
2021-12-16 02:54:00.000 350      9249.18  99999.00  99999.00  99999.00
2021-12-16 02:55:00.000 350      9237.81  99999.00  99999.00  99999.00
2021-12-16 02:56:00.000 350      9222.84  99999.00  99999.00  99999.00
2021-12-16 02:57:00.000 350      9211.28  99999.00  99999.00  99999.00
2021-12-16 02:58:00.000 350      9213.54  99999.00  99999.00  99999.00
2021-12-16 02:59:00.000 350      9227.13  99999.00  99999.00  99999.00
2021-12-16 03:00:00.000 350      9229.22  99999.00  99999.00  99999.00
2021-12-16 03:01:00.000 350      9229.33  99999.00  99999.00  99999.00
2021-12-16 03:02:00.000 350      9226.75  99999.00  99999.00  99999.00
2021-12-16 03:03:00.000 350      9234.79  99999.00  99999.00  99999.00
2021-12-16 03:04:00.000 350      9243.09  99999.00  99999.00  99999.00
2021-12-16 03:05:00.000 350      9243.09  99999.00  99999.00  99999.00
2021-12-16 03:06:00.000 350      9229.71  99999.00  99999.00  99999.00
2021-12-16 03:07:00.000 350      9214.22  99999.00  99999.00  99999.00
2021-12-16 03:08:00.000 350      9209.65  99999.00  99999.00  99999.00
2021-12-16 03:09:00.000 350      9214.03  99999.00  99999.00  99999.00
2021-12-16 03:10:00.000 350      9218.39  99999.00  99999.00  99999.00
2021-12-16 03:11:00.000 350      9227.92  99999.00  99999.00  99999.00
2021-12-16 03:12:00.000 350      9238.81  99999.00  99999.00  99999.00
2021-12-16 03:13:00.000 350      9228.13  99999.00  99999.00  99999.00
2021-12-16 03:14:00.000 350      9216.31  99999.00  99999.00  99999.00
2021-12-16 03:15:00.000 350      9209.05  99999.00  99999.00  99999.00
2021-12-16 03:16:00.000 350      9214.55  99999.00  99999.00  99999.00
2021-12-16 03:17:00.000 350      9221.28  99999.00  99999.00  99999.00
2021-12-16 03:18:00.000 350      9223.91  99999.00  99999.00  99999.00
2021-12-16 03:19:00.000 350      9217.77  99999.00  99999.00  99999.00
2021-12-16 03:20:00.000 350      9213.70  99999.00  99999.00  99999.00
2021-12-16 03:21:00.000 350      9210.05  99999.00  99999.00  99999.00
2021-12-16 03:22:00.000 350      9214.12  99999.00  99999.00  99999.00
2021-12-16 03:23:00.000 350      9216.18  99999.00  99999.00  99999.00
2021-12-16 03:24:00.000 350      9217.28  99999.00  99999.00  99999.00
2021-12-16 03:25:00.000 350      9214.91  99999.00  99999.00  99999.00
2021-12-16 03:26:00.000 350      9210.47  99999.00  99999.00  99999.00
2021-12-16 03:27:00.000 350      9210.66  99999.00  99999.00  99999.00
2021-12-16 03:28:00.000 350      9207.66  99999.00  99999.00  99999.00
2021-12-16 03:29:00.000 350      9208.73  99999.00  99999.00  99999.00
2021-12-16 03:30:00.000 350      9215.60  99999.00  99999.00  99999.00
2021-12-16 03:31:00.000 350      9221.91  99999.00  99999.00  99999.00
2021-12-16 03:32:00.000 350      9222.04  99999.00  99999.00  99999.00
2021-12-16 03:33:00.000 350      9219.64  99999.00  99999.00  99999.00
2021-12-16 03:34:00.000 350      9218.40  99999.00  99999.00  99999.00
2021-12-16 03:35:00.000 350      9216.71  99999.00  99999.00  99999.00
2021-12-16 03:36:00.000 350      9215.91  99999.00  99999.00  99999.00
2021-12-16 03:37:00.000 350      9223.04  99999.00  99999.00  99999.00
2021-12-16 03:38:00.000 350      9225.63  99999.00  99999.00  99999.00
2021-12-16 03:39:00.000 350      9228.36  99999.00  99999.00  99999.00
2021-12-16 03:40:00.000 350      9224.01  99999.00  99999.00  99999.00
2021-12-16 03:41:00.000 350      9219.45  99999.00  99999.00  99999.00
2021-12-16 03:42:00.000 350      9222.43  99999.00  99999.00  99999.00
2021-12-16 03:43:00.000 350      9227.05  99999.00  99999.00  99999.00
2021-12-16 03:44:00.000 350      9231.55  99999.00  99999.00  99999.00
2021-12-16 03:45:00.000 350      9230.57  99999.00  99999.00  99999.00
2021-12-16 03:46:00.000 350      9223.76  99999.00  99999.00  99999.00
2021-12-16 03:47:00.000 350      9224.26  99999.00  99999.00  99999.00
2021-12-16 03:48:00.000 350      9227.64  99999.00  99999.00  99999.00
2021-12-16 03:49:00.000 350      9228.22  99999.00  99999.00  99999.00
2021-12-16 03:50:00.000 350      9226.38  99999.00  99999.00  99999.00
2021-12-16 03:51:00.000 350      9226.15  99999.00  99999.00  99999.00
2021-12-16 03:52:00.000 350      9229.26  99999.00  99999.00  99999.00
2021-12-16 03:53:00.000 350      9231.03  99999.00  99999.00  99999.00
2021-12-16 03:54:00.000 350      9227.75  99999.00  99999.00  99999.00
2021-12-16 03:55:00.000 350      9230.74  99999.00  99999.00  99999.00
2021-12-16 03:56:00.000 350      9230.71  99999.00  99999.00  99999.00
2021-12-16 03:57:00.000 350      9229.88  99999.00  99999.00  99999.00
2021-12-16 03:58:00.000 350      9230.37  99999.00  99999.00  99999.00
2021-12-16 03:59:00.000 350      9228.24  99999.00  99999.00  99999.00
2021-12-16 04:00:00.000 350      9225.64  99999.00  99999.00  99999.00
2021-12-16 04:01:00.000 350      9222.64  99999.00  99999.00  99999.00
2021-12-16 04:02:00.000 350      9230.56  99999.00  99999.00  99999.00
2021-12-16 04:03:00.000 350      9234.77  99999.00  99999.00  99999.00
2021-12-16 04:04:00.000 350      9233.39  99999.00  99999.00  99999.00
2021-12-16 04:05:00.000 350      9229.74  99999.00  99999.00  99999.00
2021-12-16 04:06:00.000 350      9227.96  99999.00  99999.00  99999.00
2021-12-16 04:07:00.000 350      9224.25  99999.00  99999.00  99999.00
2021-12-16 04:08:00.000 350      9230.84  99999.00  99999.00  99999.00
2021-12-16 04:09:00.000 350      9235.18  99999.00  99999.00  99999.00
2021-12-16 04:10:00.000 350      9232.64  99999.00  99999.00  99999.00
2021-12-16 04:11:00.000 350      9228.15  99999.00  99999.00  99999.00
2021-12-16 04:12:00.000 350      9232.22  99999.00  99999.00  99999.00
2021-12-16 04:13:00.000 350      9238.07  99999.00  99999.00  99999.00
2021-12-16 04:14:00.000 350      9233.64  99999.00  99999.00  99999.00
2021-12-16 04:15:00.000 350      9234.75  99999.00  99999.00  99999.00
2021-12-16 04:16:00.000 350      9240.42  99999.00  99999.00  99999.00
2021-12-16 04:17:00.000 350      9247.76  99999.00  99999.00  99999.00
2021-12-16 04:18:00.000 350      9248.16  99999.00  99999.00  99999.00
2021-12-16 04:19:00.000 350      9238.27  99999.00  99999.00  99999.00
2021-12-16 04:20:00.000 350      9234.96  99999.00  99999.00  99999.00
2021-12-16 04:21:00.000 350      9240.53  99999.00  99999.00  99999.00
2021-12-16 04:22:00.000 350      9243.36  99999.00  99999.00  99999.00
2021-12-16 04:23:00.000 350      9251.65  99999.00  99999.00  99999.00
2021-12-16 04:24:00.000 350      9260.83  99999.00  99999.00  99999.00
2021-12-16 04:25:00.000 350      9267.16  99999.00  99999.00  99999.00
2021-12-16 04:26:00.000 350      9277.05  99999.00  99999.00  99999.00
2021-12-16 04:27:00.000 350      9286.64  99999.00  99999.00  99999.00
2021-12-16 04:28:00.000 350      9288.34  99999.00  99999.00  99999.00
2021-12-16 04:29:00.000 350      9282.40  99999.00  99999.00  99999.00
2021-12-16 04:30:00.000 350      9303.33  99999.00  99999.00  99999.00
2021-12-16 04:31:00.000 350      9297.80  99999.00  99999.00  99999.00
2021-12-16 04:32:00.000 350      9288.93  99999.00  99999.00  99999.00
2021-12-16 04:33:00.000 350      9289.94  99999.00  99999.00  99999.00
2021-12-16 04:34:00.000 350      9282.31  99999.00  99999.00  99999.00
2021-12-16 04:35:00.000 350      9275.38  99999.00  99999.00  99999.00
2021-12-16 04:36:00.000 350      9279.40  99999.00  99999.00  99999.00
2021-12-16 04:37:00.000 350      9281.00  99999.00  99999.00  99999.00
2021-12-16 04:38:00.000 350      9283.40  99999.00  99999.00  99999.00
2021-12-16 04:39:00.000 350      9279.07  99999.00  99999.00  99999.00
2021-12-16 04:40:00.000 350      9271.19  99999.00  99999.00  99999.00
2021-12-16 04:41:00.000 350      9271.84  99999.00  99999.00  99999.00
2021-12-16 04:42:00.000 350      9276.45  99999.00  99999.00  99999.00
2021-12-16 04:43:00.000 350      9273.43  99999.00  99999.00  99999.00
2021-12-16 04:44:00.000 350      9283.69  99999.00  99999.00  99999.00
2021-12-16 04:45:00.000 350      9287.87  99999.00  99999.00  99999.00
2021-12-16 04:46:00.000 350      9286.12  99999.00  99999.00  99999.00
2021-12-16 04:47:00.000 350      9287.73  99999.00  99999.00  99999.00
2021-12-16 04:48:00.000 350      9283.31  99999.00  99999.00  99999.00
2021-12-16 04:49:00.000 350      9271.36  99999.00  99999.00  99999.00
2021-12-16 04:50:00.000 350      9265.52  99999.00  99999.00  99999.00
2021-12-16 04:51:00.000 350      9271.31  99999.00  99999.00  99999.00
2021-12-16 04:52:00.000 350      9278.99  99999.00  99999.00  99999.00
2021-12-16 04:53:00.000 350      9269.58  99999.00  99999.00  99999.00
2021-12-16 04:54:00.000 350      9258.18  99999.00  99999.00  99999.00
2021-12-16 04:55:00.000 350      9256.67  99999.00  99999.00  99999.00
2021-12-16 04:56:00.000 350      9266.60  99999.00  99999.00  99999.00
2021-12-16 04:57:00.000 350      9280.99  99999.00  99999.00  99999.00
2021-12-16 04:58:00.000 350      9286.75  99999.00  99999.00  99999.00
2021-12-16 04:59:00.000 350      9283.31  99999.00  99999.00  99999.00
2021-12-16 05:00:00.000 350      9273.90  99999.00  99999.00  99999.00
2021-12-16 05:01:00.000 350      9263.74  99999.00  99999.00  99999.00
2021-12-16 05:02:00.000 350      9254.54  99999.00  99999.00  99999.00
2021-12-16 05:03:00.000 350      9251.69  99999.00  99999.00  99999.00
2021-12-16 05:04:00.000 350      9250.88  99999.00  99999.00  99999.00
2021-12-16 05:05:00.000 350      9255.71  99999.00  99999.00  99999.00
2021-12-16 05:06:00.000 350      9257.68  99999.00  99999.00  99999.00
2021-12-16 05:07:00.000 350      9253.26  99999.00  99999.00  99999.00
2021-12-16 05:08:00.000 350      9246.18  99999.00  99999.00  99999.00
2021-12-16 05:09:00.000 350      9243.71  99999.00  99999.00  99999.00
2021-12-16 05:10:00.000 350      9239.65  99999.00  99999.00  99999.00
2021-12-16 05:11:00.000 350      9237.16  99999.00  99999.00  99999.00
2021-12-16 05:12:00.000 350      9238.94  99999.00  99999.00  99999.00
2021-12-16 05:13:00.000 350      9240.25  99999.00  99999.00  99999.00
2021-12-16 05:14:00.000 350      9237.48  99999.00  99999.00  99999.00
2021-12-16 05:15:00.000 350      9231.03  99999.00  99999.00  99999.00
2021-12-16 05:16:00.000 350      9228.36  99999.00  99999.00  99999.00
2021-12-16 05:17:00.000 350      9228.29  99999.00  99999.00  99999.00
2021-12-16 05:18:00.000 350      9226.80  99999.00  99999.00  99999.00
2021-12-16 05:19:00.000 350      9219.05  99999.00  99999.00  99999.00
2021-12-16 05:20:00.000 350      9213.39  99999.00  99999.00  99999.00
2021-12-16 05:21:00.000 350      9214.62  99999.00  99999.00  99999.00
2021-12-16 05:22:00.000 350      9222.97  99999.00  99999.00  99999.00
2021-12-16 05:23:00.000 350      9227.00  99999.00  99999.00  99999.00
2021-12-16 05:24:00.000 350      9224.74  99999.00  99999.00  99999.00
2021-12-16 05:25:00.000 350      9225.56  99999.00  99999.00  99999.00
2021-12-16 05:26:00.000 350      9229.40  99999.00  99999.00  99999.00
2021-12-16 05:27:00.000 350      9225.57  99999.00  99999.00  99999.00
2021-12-16 05:28:00.000 350      9220.89  99999.00  99999.00  99999.00
2021-12-16 05:29:00.000 350      9220.29  99999.00  99999.00  99999.00
2021-12-16 05:30:00.000 350      9221.38  99999.00  99999.00  99999.00
2021-12-16 05:31:00.000 350      9226.08  99999.00  99999.00  99999.00
2021-12-16 05:32:00.000 350      9232.78  99999.00  99999.00  99999.00
2021-12-16 05:33:00.000 350      9235.44  99999.00  99999.00  99999.00
2021-12-16 05:34:00.000 350      9233.24  99999.00  99999.00  99999.00
2021-12-16 05:35:00.000 350      9232.24  99999.00  99999.00  99999.00
2021-12-16 05:36:00.000 350      9229.86  99999.00  99999.00  99999.00
2021-12-16 05:37:00.000 350      9230.39  99999.00  99999.00  99999.00
2021-12-16 05:38:00.000 350      9230.53  99999.00  99999.00  99999.00
2021-12-16 05:39:00.000 350      9231.41  99999.00  99999.00  99999.00
2021-12-16 05:40:00.000 350      9229.67  99999.00  99999.00  99999.00
2021-12-16 05:41:00.000 350      9230.53  99999.00  99999.00  99999.00
2021-12-16 05:42:00.000 350      9228.20  99999.00  99999.00  99999.00
2021-12-16 05:43:00.000 350      9225.80  99999.00  99999.00  99999.00
2021-12-16 05:44:00.000 350      9229.46  99999.00  99999.00  99999.00
2021-12-16 05:45:00.000 350      9236.59  99999.00  99999.00  99999.00
2021-12-16 05:46:00.000 350      9234.90  99999.00  99999.00  99999.00
2021-12-16 05:47:00.000 350      9234.24  99999.00  99999.00  99999.00
2021-12-16 05:48:00.000 350      9239.36  99999.00  99999.00  99999.00
2021-12-16 05:49:00.000 350      9245.55  99999.00  99999.00  99999.00
2021-12-16 05:50:00.000 350      9244.68  99999.00  99999.00  99999.00
2021-12-16 05:51:00.000 350      9252.18  99999.00  99999.00  99999.00
2021-12-16 05:52:00.000 350      9267.94  99999.00  99999.00  99999.00
2021-12-16 05:53:00.000 350      9275.46  99999.00  99999.00  99999.00
2021-12-16 05:54:00.000 350      9280.31  99999.00  99999.00  99999.00
2021-12-16 05:55:00.000 350      9282.97  99999.00  99999.00  99999.00
2021-12-16 05:56:00.000 350      9285.58  99999.00  99999.00  99999.00
2021-12-16 05:57:00.000 350      9287.39  99999.00  99999.00  99999.00
2021-12-16 05:58:00.000 350      9296.12  99999.00  99999.00  99999.00
2021-12-16 05:59:00.000 350      9298.12  99999.00  99999.00  99999.00
2021-12-16 06:00:00.000 350      9300.65  99999.00  99999.00  99999.00
2021-12-16 06:01:00.000 350      9297.75  99999.00  99999.00  99999.00
2021-12-16 06:02:00.000 350      9290.51  99999.00  99999.00  99999.00
2021-12-16 06:03:00.000 350      9298.62  99999.00  99999.00  99999.00
2021-12-16 06:04:00.000 350      9312.60  99999.00  99999.00  99999.00
2021-12-16 06:05:00.000 350      9315.02  99999.00  99999.00  99999.00
2021-12-16 06:06:00.000 350      9313.23  99999.00  99999.00  99999.00
2021-12-16 06:07:00.000 350      9297.10  99999.00  99999.00  99999.00
2021-12-16 06:08:00.000 350      9283.05  99999.00  99999.00  99999.00
2021-12-16 06:09:00.000 350      9272.60  99999.00  99999.00  99999.00
2021-12-16 06:10:00.000 350      9266.91  99999.00  99999.00  99999.00
2021-12-16 06:11:00.000 350      9266.84  99999.00  99999.00  99999.00
2021-12-16 06:12:00.000 350      9269.76  99999.00  99999.00  99999.00
2021-12-16 06:13:00.000 350      9277.02  99999.00  99999.00  99999.00
2021-12-16 06:14:00.000 350      9274.22  99999.00  99999.00  99999.00
2021-12-16 06:15:00.000 350      9270.83  99999.00  99999.00  99999.00
2021-12-16 06:16:00.000 350      9273.62  99999.00  99999.00  99999.00
2021-12-16 06:17:00.000 350      9266.72  99999.00  99999.00  99999.00
2021-12-16 06:18:00.000 350      9258.54  99999.00  99999.00  99999.00
2021-12-16 06:19:00.000 350      9252.95  99999.00  99999.00  99999.00
2021-12-16 06:20:00.000 350      9265.11  99999.00  99999.00  99999.00
2021-12-16 06:21:00.000 350      9273.04  99999.00  99999.00  99999.00
2021-12-16 06:22:00.000 350      9276.40  99999.00  99999.00  99999.00
2021-12-16 06:23:00.000 350      9278.62  99999.00  99999.00  99999.00
2021-12-16 06:24:00.000 350      9275.10  99999.00  99999.00  99999.00
2021-12-16 06:25:00.000 350      9266.77  99999.00  99999.00  99999.00
2021-12-16 06:26:00.000 350      9260.05  99999.00  99999.00  99999.00
2021-12-16 06:27:00.000 350      9255.68  99999.00  99999.00  99999.00
2021-12-16 06:28:00.000 350      9255.81  99999.00  99999.00  99999.00
2021-12-16 06:29:00.000 350      9254.48  99999.00  99999.00  99999.00
2021-12-16 06:30:00.000 350      9250.97  99999.00  99999.00  99999.00
2021-12-16 06:31:00.000 350      9233.39  99999.00  99999.00  99999.00
2021-12-16 06:32:00.000 350      9227.50  99999.00  99999.00  99999.00
2021-12-16 06:33:00.000 350      9223.62  99999.00  99999.00  99999.00
2021-12-16 06:34:00.000 350      9223.40  99999.00  99999.00  99999.00
2021-12-16 06:35:00.000 350      9224.08  99999.00  99999.00  99999.00
2021-12-16 06:36:00.000 350      9220.04  99999.00  99999.00  99999.00
2021-12-16 06:37:00.000 350      9218.00  99999.00  99999.00  99999.00
2021-12-16 06:38:00.000 350      9199.72  99999.00  99999.00  99999.00
2021-12-16 06:39:00.000 350      9192.74  99999.00  99999.00  99999.00
2021-12-16 06:40:00.000 350      9190.05  99999.00  99999.00  99999.00
2021-12-16 06:41:00.000 350      9193.90  99999.00  99999.00  99999.00
2021-12-16 06:42:00.000 350      9188.98  99999.00  99999.00  99999.00
2021-12-16 06:43:00.000 350      9192.00  99999.00  99999.00  99999.00
2021-12-16 06:44:00.000 350      9208.57  99999.00  99999.00  99999.00
2021-12-16 06:45:00.000 350      9232.22  99999.00  99999.00  99999.00
2021-12-16 06:46:00.000 350      9256.79  99999.00  99999.00  99999.00
2021-12-16 06:47:00.000 350      9274.74  99999.00  99999.00  99999.00
2021-12-16 06:48:00.000 350      9292.13  99999.00  99999.00  99999.00
2021-12-16 06:49:00.000 350      9290.06  99999.00  99999.00  99999.00
2021-12-16 06:50:00.000 350      9281.87  99999.00  99999.00  99999.00
2021-12-16 06:51:00.000 350      9274.77  99999.00  99999.00  99999.00
2021-12-16 06:52:00.000 350      9261.82  99999.00  99999.00  99999.00
2021-12-16 06:53:00.000 350      9249.79  99999.00  99999.00  99999.00
2021-12-16 06:54:00.000 350      9238.20  99999.00  99999.00  99999.00
2021-12-16 06:55:00.000 350      9231.02  99999.00  99999.00  99999.00
2021-12-16 06:56:00.000 350      9223.09  99999.00  99999.00  99999.00
2021-12-16 06:57:00.000 350      9209.65  99999.00  99999.00  99999.00
2021-12-16 06:58:00.000 350      9199.62  99999.00  99999.00  99999.00
2021-12-16 06:59:00.000 350      9192.60  99999.00  99999.00  99999.00
2021-12-16 07:00:00.000 350      9190.00  99999.00  99999.00  99999.00
2021-12-16 07:01:00.000 350      9180.03  99999.00  99999.00  99999.00
2021-12-16 07:02:00.000 350      9176.84  99999.00  99999.00  99999.00
2021-12-16 07:03:00.000 350      9182.09  99999.00  99999.00  99999.00
2021-12-16 07:04:00.000 350      9188.24  99999.00  99999.00  99999.00
2021-12-16 07:05:00.000 350      9188.37  99999.00  99999.00  99999.00
2021-12-16 07:06:00.000 350      9196.09  99999.00  99999.00  99999.00
2021-12-16 07:07:00.000 350      9204.20  99999.00  99999.00  99999.00
2021-12-16 07:08:00.000 350      9198.47  99999.00  99999.00  99999.00
2021-12-16 07:09:00.000 350      9195.53  99999.00  99999.00  99999.00
2021-12-16 07:10:00.000 350      9192.58  99999.00  99999.00  99999.00
2021-12-16 07:11:00.000 350      9187.01  99999.00  99999.00  99999.00
2021-12-16 07:12:00.000 350      9181.10  99999.00  99999.00  99999.00
2021-12-16 07:13:00.000 350      9178.40  99999.00  99999.00  99999.00
2021-12-16 07:14:00.000 350      9176.67  99999.00  99999.00  99999.00
2021-12-16 07:15:00.000 350      9179.44  99999.00  99999.00  99999.00
2021-12-16 07:16:00.000 350      9183.23  99999.00  99999.00  99999.00
2021-12-16 07:17:00.000 350      9186.44  99999.00  99999.00  99999.00
2021-12-16 07:18:00.000 350      9187.33  99999.00  99999.00  99999.00
2021-12-16 07:19:00.000 350      9187.65  99999.00  99999.00  99999.00
2021-12-16 07:20:00.000 350      9178.66  99999.00  99999.00  99999.00
2021-12-16 07:21:00.000 350      9171.89  99999.00  99999.00  99999.00
2021-12-16 07:22:00.000 350      9172.48  99999.00  99999.00  99999.00
2021-12-16 07:23:00.000 350      9165.41  99999.00  99999.00  99999.00
2021-12-16 07:24:00.000 350      9162.59  99999.00  99999.00  99999.00
2021-12-16 07:25:00.000 350      9157.89  99999.00  99999.00  99999.00
2021-12-16 07:26:00.000 350      9157.12  99999.00  99999.00  99999.00
2021-12-16 07:27:00.000 350      9160.57  99999.00  99999.00  99999.00
2021-12-16 07:28:00.000 350      9162.39  99999.00  99999.00  99999.00
2021-12-16 07:29:00.000 350      9161.94  99999.00  99999.00  99999.00
2021-12-16 07:30:00.000 350      9164.33  99999.00  99999.00  99999.00
2021-12-16 07:31:00.000 350      9166.31  99999.00  99999.00  99999.00
2021-12-16 07:32:00.000 350      9175.69  99999.00  99999.00  99999.00
2021-12-16 07:33:00.000 350      9230.44  99999.00  99999.00  99999.00
2021-12-16 07:34:00.000 350      9240.12  99999.00  99999.00  99999.00
2021-12-16 07:35:00.000 350      9201.20  99999.00  99999.00  99999.00
2021-12-16 07:36:00.000 350      9160.40  99999.00  99999.00  99999.00
2021-12-16 07:37:00.000 350      9157.37  99999.00  99999.00  99999.00
2021-12-16 07:38:00.000 350      9176.03  99999.00  99999.00  99999.00
2021-12-16 07:39:00.000 350      9165.03  99999.00  99999.00  99999.00
2021-12-16 07:40:00.000 350      9131.75  99999.00  99999.00  99999.00
2021-12-16 07:41:00.000 350      9125.63  99999.00  99999.00  99999.00
2021-12-16 07:42:00.000 350      9129.53  99999.00  99999.00  99999.00
2021-12-16 07:43:00.000 350      9156.37  99999.00  99999.00  99999.00
2021-12-16 07:44:00.000 350      9170.03  99999.00  99999.00  99999.00
2021-12-16 07:45:00.000 350      9177.50  99999.00  99999.00  99999.00
2021-12-16 07:46:00.000 350      9210.12  99999.00  99999.00  99999.00
2021-12-16 07:47:00.000 350      9213.90  99999.00  99999.00  99999.00
2021-12-16 07:48:00.000 350      9221.02  99999.00  99999.00  99999.00
2021-12-16 07:49:00.000 350      9229.55  99999.00  99999.00  99999.00
2021-12-16 07:50:00.000 350      9229.88  99999.00  99999.00  99999.00
2021-12-16 07:51:00.000 350      9229.75  99999.00  99999.00  99999.00
2021-12-16 07:52:00.000 350      9217.82  99999.00  99999.00  99999.00
2021-12-16 07:53:00.000 350      9200.44  99999.00  99999.00  99999.00
2021-12-16 07:54:00.000 350      9186.77  99999.00  99999.00  99999.00
2021-12-16 07:55:00.000 350      9167.69  99999.00  99999.00  99999.00
2021-12-16 07:56:00.000 350      9174.93  99999.00  99999.00  99999.00
2021-12-16 07:57:00.000 350      9196.44  99999.00  99999.00  99999.00
2021-12-16 07:58:00.000 350      9190.00  99999.00  99999.00  99999.00
2021-12-16 07:59:00.000 350      9170.81  99999.00  99999.00  99999.00
2021-12-16 08:00:00.000 350      9155.10  99999.00  99999.00  99999.00
2021-12-16 08:01:00.000 350      9146.65  99999.00  99999.00  99999.00
2021-12-16 08:02:00.000 350      9162.33  99999.00  99999.00  99999.00
2021-12-16 08:03:00.000 350      9190.81  99999.00  99999.00  99999.00
2021-12-16 08:04:00.000 350      9209.00  99999.00  99999.00  99999.00
2021-12-16 08:05:00.000 350      9243.12  99999.00  99999.00  99999.00
2021-12-16 08:06:00.000 350      9268.96  99999.00  99999.00  99999.00
2021-12-16 08:07:00.000 350      9281.72  99999.00  99999.00  99999.00
2021-12-16 08:08:00.000 350      9277.69  99999.00  99999.00  99999.00
2021-12-16 08:09:00.000 350      9266.83  99999.00  99999.00  99999.00
2021-12-16 08:10:00.000 350      9248.26  99999.00  99999.00  99999.00
2021-12-16 08:11:00.000 350      9214.89  99999.00  99999.00  99999.00
2021-12-16 08:12:00.000 350      9208.74  99999.00  99999.00  99999.00
2021-12-16 08:13:00.000 350      9227.03  99999.00  99999.00  99999.00
2021-12-16 08:14:00.000 350      9228.85  99999.00  99999.00  99999.00
2021-12-16 08:15:00.000 350      9223.82  99999.00  99999.00  99999.00
2021-12-16 08:16:00.000 350      9221.83  99999.00  99999.00  99999.00
2021-12-16 08:17:00.000 350      9216.75  99999.00  99999.00  99999.00
2021-12-16 08:18:00.000 350      9217.33  99999.00  99999.00  99999.00
2021-12-16 08:19:00.000 350      9223.98  99999.00  99999.00  99999.00
2021-12-16 08:20:00.000 350      9240.20  99999.00  99999.00  99999.00
2021-12-16 08:21:00.000 350      9248.59  99999.00  99999.00  99999.00
2021-12-16 08:22:00.000 350      9245.99  99999.00  99999.00  99999.00
2021-12-16 08:23:00.000 350      9244.56  99999.00  99999.00  99999.00
2021-12-16 08:24:00.000 350      9242.58  99999.00  99999.00  99999.00
2021-12-16 08:25:00.000 350      9242.66  99999.00  99999.00  99999.00
2021-12-16 08:26:00.000 350      9228.96  99999.00  99999.00  99999.00
2021-12-16 08:27:00.000 350      9217.12  99999.00  99999.00  99999.00
2021-12-16 08:28:00.000 350      9206.48  99999.00  99999.00  99999.00
2021-12-16 08:29:00.000 350      9209.27  99999.00  99999.00  99999.00
2021-12-16 08:30:00.000 350      9226.02  99999.00  99999.00  99999.00
2021-12-16 08:31:00.000 350      9237.95  99999.00  99999.00  99999.00
2021-12-16 08:32:00.000 350      9237.70  99999.00  99999.00  99999.00
2021-12-16 08:33:00.000 350      9240.69  99999.00  99999.00  99999.00
2021-12-16 08:34:00.000 350      9240.43  99999.00  99999.00  99999.00
2021-12-16 08:35:00.000 350      9239.06  99999.00  99999.00  99999.00
2021-12-16 08:36:00.000 350      9244.37  99999.00  99999.00  99999.00
2021-12-16 08:37:00.000 350      9254.29  99999.00  99999.00  99999.00
2021-12-16 08:38:00.000 350      9259.07  99999.00  99999.00  99999.00
2021-12-16 08:39:00.000 350      9265.35  99999.00  99999.00  99999.00
2021-12-16 08:40:00.000 350      9259.36  99999.00  99999.00  99999.00
2021-12-16 08:41:00.000 350      9260.57  99999.00  99999.00  99999.00
2021-12-16 08:42:00.000 350      9258.17  99999.00  99999.00  99999.00
2021-12-16 08:43:00.000 350      9260.69  99999.00  99999.00  99999.00
2021-12-16 08:44:00.000 350      9259.53  99999.00  99999.00  99999.00
2021-12-16 08:45:00.000 350      9259.84  99999.00  99999.00  99999.00
2021-12-16 08:46:00.000 350      9264.13  99999.00  99999.00  99999.00
2021-12-16 08:47:00.000 350      9270.07  99999.00  99999.00  99999.00
2021-12-16 08:48:00.000 350      9271.64  99999.00  99999.00  99999.00
2021-12-16 08:49:00.000 350      9266.59  99999.00  99999.00  99999.00
2021-12-16 08:50:00.000 350      9255.90  99999.00  99999.00  99999.00
2021-12-16 08:51:00.000 350      9250.15  99999.00  99999.00  99999.00
2021-12-16 08:52:00.000 350      9243.08  99999.00  99999.00  99999.00
2021-12-16 08:53:00.000 350      9238.09  99999.00  99999.00  99999.00
2021-12-16 08:54:00.000 350      9236.65  99999.00  99999.00  99999.00
2021-12-16 08:55:00.000 350      9237.52  99999.00  99999.00  99999.00
2021-12-16 08:56:00.000 350      9237.03  99999.00  99999.00  99999.00
2021-12-16 08:57:00.000 350      9235.29  99999.00  99999.00  99999.00
2021-12-16 08:58:00.000 350      9238.76  99999.00  99999.00  99999.00
2021-12-16 08:59:00.000 350      9243.05  99999.00  99999.00  99999.00
2021-12-16 09:00:00.000 350      9244.61  99999.00  99999.00  99999.00
2021-12-16 09:01:00.000 350      9242.81  99999.00  99999.00  99999.00
2021-12-16 09:02:00.000 350      9244.51  99999.00  99999.00  99999.00
2021-12-16 09:03:00.000 350      9241.65  99999.00  99999.00  99999.00
2021-12-16 09:04:00.000 350      9242.63  99999.00  99999.00  99999.00
2021-12-16 09:05:00.000 350      9243.56  99999.00  99999.00  99999.00
2021-12-16 09:06:00.000 350      9235.64  99999.00  99999.00  99999.00
2021-12-16 09:07:00.000 350      9230.11  99999.00  99999.00  99999.00
2021-12-16 09:08:00.000 350      9226.75  99999.00  99999.00  99999.00
2021-12-16 09:09:00.000 350      9225.59  99999.00  99999.00  99999.00
2021-12-16 09:10:00.000 350      9225.59  99999.00  99999.00  99999.00
2021-12-16 09:11:00.000 350      9221.46  99999.00  99999.00  99999.00
2021-12-16 09:12:00.000 350      9214.79  99999.00  99999.00  99999.00
2021-12-16 09:13:00.000 350      9206.43  99999.00  99999.00  99999.00
2021-12-16 09:14:00.000 350      9203.09  99999.00  99999.00  99999.00
2021-12-16 09:15:00.000 350      9206.37  99999.00  99999.00  99999.00
2021-12-16 09:16:00.000 350      9210.96  99999.00  99999.00  99999.00
2021-12-16 09:17:00.000 350      9218.03  99999.00  99999.00  99999.00
2021-12-16 09:18:00.000 350      9223.50  99999.00  99999.00  99999.00
2021-12-16 09:19:00.000 350      9217.97  99999.00  99999.00  99999.00
2021-12-16 09:20:00.000 350      9207.92  99999.00  99999.00  99999.00
2021-12-16 09:21:00.000 350      9198.58  99999.00  99999.00  99999.00
2021-12-16 09:22:00.000 350      9190.45  99999.00  99999.00  99999.00
2021-12-16 09:23:00.000 350      9188.91  99999.00  99999.00  99999.00
2021-12-16 09:24:00.000 350      9188.31  99999.00  99999.00  99999.00
2021-12-16 09:25:00.000 350      9180.66  99999.00  99999.00  99999.00
2021-12-16 09:26:00.000 350      9168.35  99999.00  99999.00  99999.00
2021-12-16 09:27:00.000 350      9168.60  99999.00  99999.00  99999.00
2021-12-16 09:28:00.000 350      9172.51  99999.00  99999.00  99999.00
2021-12-16 09:29:00.000 350      9176.96  99999.00  99999.00  99999.00
2021-12-16 09:30:00.000 350      9175.61  99999.00  99999.00  99999.00
2021-12-16 09:31:00.000 350      9171.92  99999.00  99999.00  99999.00
2021-12-16 09:32:00.000 350      9168.64  99999.00  99999.00  99999.00
2021-12-16 09:33:00.000 350      9160.66  99999.00  99999.00  99999.00
2021-12-16 09:34:00.000 350      9150.60  99999.00  99999.00  99999.00
2021-12-16 09:35:00.000 350      9148.60  99999.00  99999.00  99999.00
2021-12-16 09:36:00.000 350      9145.38  99999.00  99999.00  99999.00
2021-12-16 09:37:00.000 350      9141.95  99999.00  99999.00  99999.00
2021-12-16 09:38:00.000 350      9120.96  99999.00  99999.00  99999.00
2021-12-16 09:39:00.000 350      9111.65  99999.00  99999.00  99999.00
2021-12-16 09:40:00.000 350      9078.53  99999.00  99999.00  99999.00
2021-12-16 09:41:00.000 350      9077.87  99999.00  99999.00  99999.00
2021-12-16 09:42:00.000 350      9095.83  99999.00  99999.00  99999.00
2021-12-16 09:43:00.000 350      8972.55  99999.00  99999.00  99999.00
2021-12-16 09:44:00.000 350      8928.82  99999.00  99999.00  99999.00
2021-12-16 09:45:00.000 350      8870.25  99999.00  99999.00  99999.00
2021-12-16 09:46:00.000 350      8842.95  99999.00  99999.00  99999.00
2021-12-16 09:47:00.000 350      8852.70  99999.00  99999.00  99999.00
2021-12-16 09:48:00.000 350      8924.23  99999.00  99999.00  99999.00
2021-12-16 09:49:00.000 350      9000.65  99999.00  99999.00  99999.00
2021-12-16 09:50:00.000 350      9085.84  99999.00  99999.00  99999.00
2021-12-16 09:51:00.000 350      9084.55  99999.00  99999.00  99999.00
2021-12-16 09:52:00.000 350      9052.91  99999.00  99999.00  99999.00
2021-12-16 09:53:00.000 350      9101.99  99999.00  99999.00  99999.00
2021-12-16 09:54:00.000 350      9133.63  99999.00  99999.00  99999.00
2021-12-16 09:55:00.000 350      9137.68  99999.00  99999.00  99999.00
2021-12-16 09:56:00.000 350      9082.82  99999.00  99999.00  99999.00
2021-12-16 09:57:00.000 350      9086.45  99999.00  99999.00  99999.00
2021-12-16 09:58:00.000 350      9111.84  99999.00  99999.00  99999.00
2021-12-16 09:59:00.000 350      9122.47  99999.00  99999.00  99999.00
2021-12-16 10:00:00.000 350      9186.83  99999.00  99999.00  99999.00
2021-12-16 10:01:00.000 350      9186.98  99999.00  99999.00  99999.00
2021-12-16 10:02:00.000 350      9210.80  99999.00  99999.00  99999.00
2021-12-16 10:03:00.000 350      9234.80  99999.00  99999.00  99999.00
2021-12-16 10:04:00.000 350      9204.57  99999.00  99999.00  99999.00
2021-12-16 10:05:00.000 350      9221.64  99999.00  99999.00  99999.00
2021-12-16 10:06:00.000 350      9262.27  99999.00  99999.00  99999.00
2021-12-16 10:07:00.000 350      9194.63  99999.00  99999.00  99999.00
2021-12-16 10:08:00.000 350      9153.85  99999.00  99999.00  99999.00
2021-12-16 10:09:00.000 350      9134.97  99999.00  99999.00  99999.00
2021-12-16 10:10:00.000 350      9150.94  99999.00  99999.00  99999.00
2021-12-16 10:11:00.000 350      9196.16  99999.00  99999.00  99999.00
2021-12-16 10:12:00.000 350      9189.33  99999.00  99999.00  99999.00
2021-12-16 10:13:00.000 350      9202.44  99999.00  99999.00  99999.00
2021-12-16 10:14:00.000 350      9168.15  99999.00  99999.00  99999.00
2021-12-16 10:15:00.000 350      9168.56  99999.00  99999.00  99999.00
2021-12-16 10:16:00.000 350      9187.52  99999.00  99999.00  99999.00
2021-12-16 10:17:00.000 350      9185.53  99999.00  99999.00  99999.00
2021-12-16 10:18:00.000 350      9185.75  99999.00  99999.00  99999.00
2021-12-16 10:19:00.000 350      9183.98  99999.00  99999.00  99999.00
2021-12-16 10:20:00.000 350      9189.04  99999.00  99999.00  99999.00
2021-12-16 10:21:00.000 350      9198.09  99999.00  99999.00  99999.00
2021-12-16 10:22:00.000 350      9207.33  99999.00  99999.00  99999.00
2021-12-16 10:23:00.000 350      9178.76  99999.00  99999.00  99999.00
2021-12-16 10:24:00.000 350      9214.60  99999.00  99999.00  99999.00
2021-12-16 10:25:00.000 350      9230.93  99999.00  99999.00  99999.00
2021-12-16 10:26:00.000 350      9212.88  99999.00  99999.00  99999.00
2021-12-16 10:27:00.000 350      9214.37  99999.00  99999.00  99999.00
2021-12-16 10:28:00.000 350      9180.87  99999.00  99999.00  99999.00
2021-12-16 10:29:00.000 350      9147.88  99999.00  99999.00  99999.00
2021-12-16 10:30:00.000 350      9129.77  99999.00  99999.00  99999.00
2021-12-16 10:31:00.000 350      9092.93  99999.00  99999.00  99999.00
2021-12-16 10:32:00.000 350      9070.36  99999.00  99999.00  99999.00
2021-12-16 10:33:00.000 350      9086.20  99999.00  99999.00  99999.00
2021-12-16 10:34:00.000 350      9111.73  99999.00  99999.00  99999.00
2021-12-16 10:35:00.000 350      9108.66  99999.00  99999.00  99999.00
2021-12-16 10:36:00.000 350      9102.14  99999.00  99999.00  99999.00
2021-12-16 10:37:00.000 350      9109.14  99999.00  99999.00  99999.00
2021-12-16 10:38:00.000 350      9093.79  99999.00  99999.00  99999.00
2021-12-16 10:39:00.000 350      9107.18  99999.00  99999.00  99999.00
2021-12-16 10:40:00.000 350      9085.37  99999.00  99999.00  99999.00
2021-12-16 10:41:00.000 350      9037.74  99999.00  99999.00  99999.00
2021-12-16 10:42:00.000 350      9073.21  99999.00  99999.00  99999.00
2021-12-16 10:43:00.000 350      9107.96  99999.00  99999.00  99999.00
2021-12-16 10:44:00.000 350      9155.14  99999.00  99999.00  99999.00
2021-12-16 10:45:00.000 350      9165.76  99999.00  99999.00  99999.00
2021-12-16 10:46:00.000 350      9157.53  99999.00  99999.00  99999.00
2021-12-16 10:47:00.000 350      9111.61  99999.00  99999.00  99999.00
2021-12-16 10:48:00.000 350      9119.95  99999.00  99999.00  99999.00
2021-12-16 10:49:00.000 350      9152.41  99999.00  99999.00  99999.00
2021-12-16 10:50:00.000 350      9156.52  99999.00  99999.00  99999.00
2021-12-16 10:51:00.000 350      9145.18  99999.00  99999.00  99999.00
2021-12-16 10:52:00.000 350      9146.73  99999.00  99999.00  99999.00
2021-12-16 10:53:00.000 350      9148.49  99999.00  99999.00  99999.00
2021-12-16 10:54:00.000 350      9135.79  99999.00  99999.00  99999.00
2021-12-16 10:55:00.000 350      9113.95  99999.00  99999.00  99999.00
2021-12-16 10:56:00.000 350      9114.09  99999.00  99999.00  99999.00
2021-12-16 10:57:00.000 350      9111.76  99999.00  99999.00  99999.00
2021-12-16 10:58:00.000 350      9108.42  99999.00  99999.00  99999.00
2021-12-16 10:59:00.000 350      9098.90  99999.00  99999.00  99999.00
2021-12-16 11:00:00.000 350      9082.00  99999.00  99999.00  99999.00
2021-12-16 11:01:00.000 350      9079.65  99999.00  99999.00  99999.00
2021-12-16 11:02:00.000 350      9085.84  99999.00  99999.00  99999.00
2021-12-16 11:03:00.000 350      9099.80  99999.00  99999.00  99999.00
2021-12-16 11:04:00.000 350      9095.20  99999.00  99999.00  99999.00
2021-12-16 11:05:00.000 350      9094.76  99999.00  99999.00  99999.00
2021-12-16 11:06:00.000 350      9081.26  99999.00  99999.00  99999.00
2021-12-16 11:07:00.000 350      9078.62  99999.00  99999.00  99999.00
2021-12-16 11:08:00.000 350      9089.06  99999.00  99999.00  99999.00
2021-12-16 11:09:00.000 350      9087.37  99999.00  99999.00  99999.00
2021-12-16 11:10:00.000 350      9080.20  99999.00  99999.00  99999.00
2021-12-16 11:11:00.000 350      9088.67  99999.00  99999.00  99999.00
2021-12-16 11:12:00.000 350      9104.81  99999.00  99999.00  99999.00
2021-12-16 11:13:00.000 350      9107.72  99999.00  99999.00  99999.00
2021-12-16 11:14:00.000 350      9101.17  99999.00  99999.00  99999.00
2021-12-16 11:15:00.000 350      9095.28  99999.00  99999.00  99999.00
2021-12-16 11:16:00.000 350      9095.70  99999.00  99999.00  99999.00
2021-12-16 11:17:00.000 350      9099.16  99999.00  99999.00  99999.00
2021-12-16 11:18:00.000 350      9110.42  99999.00  99999.00  99999.00
2021-12-16 11:19:00.000 350      9104.45  99999.00  99999.00  99999.00
2021-12-16 11:20:00.000 350      9100.46  99999.00  99999.00  99999.00
2021-12-16 11:21:00.000 350      9109.67  99999.00  99999.00  99999.00
2021-12-16 11:22:00.000 350      9107.16  99999.00  99999.00  99999.00
2021-12-16 11:23:00.000 350      9104.97  99999.00  99999.00  99999.00
2021-12-16 11:24:00.000 350      9113.63  99999.00  99999.00  99999.00
2021-12-16 11:25:00.000 350      9126.35  99999.00  99999.00  99999.00
2021-12-16 11:26:00.000 350      9119.82  99999.00  99999.00  99999.00
2021-12-16 11:27:00.000 350      9103.56  99999.00  99999.00  99999.00
2021-12-16 11:28:00.000 350      9112.89  99999.00  99999.00  99999.00
2021-12-16 11:29:00.000 350      9113.91  99999.00  99999.00  99999.00
2021-12-16 11:30:00.000 350      9084.86  99999.00  99999.00  99999.00
2021-12-16 11:31:00.000 350      9084.34  99999.00  99999.00  99999.00
2021-12-16 11:32:00.000 350      9092.43  99999.00  99999.00  99999.00
2021-12-16 11:33:00.000 350      9101.82  99999.00  99999.00  99999.00
2021-12-16 11:34:00.000 350      9087.39  99999.00  99999.00  99999.00
2021-12-16 11:35:00.000 350      9097.13  99999.00  99999.00  99999.00
2021-12-16 11:36:00.000 350      9108.09  99999.00  99999.00  99999.00
2021-12-16 11:37:00.000 350      9116.24  99999.00  99999.00  99999.00
2021-12-16 11:38:00.000 350      9111.68  99999.00  99999.00  99999.00
2021-12-16 11:39:00.000 350      9114.60  99999.00  99999.00  99999.00
2021-12-16 11:40:00.000 350      9108.45  99999.00  99999.00  99999.00
2021-12-16 11:41:00.000 350      9099.06  99999.00  99999.00  99999.00
2021-12-16 11:42:00.000 350      9105.78  99999.00  99999.00  99999.00
2021-12-16 11:43:00.000 350      9093.95  99999.00  99999.00  99999.00
2021-12-16 11:44:00.000 350      9102.58  99999.00  99999.00  99999.00
2021-12-16 11:45:00.000 350      9100.89  99999.00  99999.00  99999.00
2021-12-16 11:46:00.000 350      9094.79  99999.00  99999.00  99999.00
2021-12-16 11:47:00.000 350      9110.71  99999.00  99999.00  99999.00
2021-12-16 11:48:00.000 350      9131.94  99999.00  99999.00  99999.00
2021-12-16 11:49:00.000 350      9128.95  99999.00  99999.00  99999.00
2021-12-16 11:50:00.000 350      9124.57  99999.00  99999.00  99999.00
2021-12-16 11:51:00.000 350      9103.17  99999.00  99999.00  99999.00
2021-12-16 11:52:00.000 350      9089.04  99999.00  99999.00  99999.00
2021-12-16 11:53:00.000 350      9080.27  99999.00  99999.00  99999.00
2021-12-16 11:54:00.000 350      9078.72  99999.00  99999.00  99999.00
2021-12-16 11:55:00.000 350      9105.96  99999.00  99999.00  99999.00
2021-12-16 11:56:00.000 350      9099.39  99999.00  99999.00  99999.00
2021-12-16 11:57:00.000 350      9120.22  99999.00  99999.00  99999.00
2021-12-16 11:58:00.000 350      9146.24  99999.00  99999.00  99999.00
2021-12-16 11:59:00.000 350      9136.59  99999.00  99999.00  99999.00
2021-12-16 12:00:00.000 350      9143.72  99999.00  99999.00  99999.00
2021-12-16 12:01:00.000 350      9125.50  99999.00  99999.00  99999.00
2021-12-16 12:02:00.000 350      9119.13  99999.00  99999.00  99999.00
2021-12-16 12:03:00.000 350      9163.37  99999.00  99999.00  99999.00
2021-12-16 12:04:00.000 350      9189.37  99999.00  99999.00  99999.00
2021-12-16 12:05:00.000 350      9185.72  99999.00  99999.00  99999.00
2021-12-16 12:06:00.000 350      9180.53  99999.00  99999.00  99999.00
2021-12-16 12:07:00.000 350      9178.35  99999.00  99999.00  99999.00
2021-12-16 12:08:00.000 350      9203.63  99999.00  99999.00  99999.00
2021-12-16 12:09:00.000 350      9210.06  99999.00  99999.00  99999.00
2021-12-16 12:10:00.000 350      9214.42  99999.00  99999.00  99999.00
2021-12-16 12:11:00.000 350      9220.95  99999.00  99999.00  99999.00
2021-12-16 12:12:00.000 350      9231.86  99999.00  99999.00  99999.00
2021-12-16 12:13:00.000 350      9231.21  99999.00  99999.00  99999.00
2021-12-16 12:14:00.000 350      9234.47  99999.00  99999.00  99999.00
2021-12-16 12:15:00.000 350      9229.88  99999.00  99999.00  99999.00
2021-12-16 12:16:00.000 350      9228.63  99999.00  99999.00  99999.00
2021-12-16 12:17:00.000 350      9225.01  99999.00  99999.00  99999.00
2021-12-16 12:18:00.000 350      9219.66  99999.00  99999.00  99999.00
2021-12-16 12:19:00.000 350      9217.79  99999.00  99999.00  99999.00
2021-12-16 12:20:00.000 350      9211.63  99999.00  99999.00  99999.00
2021-12-16 12:21:00.000 350      9209.00  99999.00  99999.00  99999.00
2021-12-16 12:22:00.000 350      9203.87  99999.00  99999.00  99999.00
2021-12-16 12:23:00.000 350      9195.15  99999.00  99999.00  99999.00
2021-12-16 12:24:00.000 350      9196.10  99999.00  99999.00  99999.00
2021-12-16 12:25:00.000 350      9200.07  99999.00  99999.00  99999.00
2021-12-16 12:26:00.000 350      9199.67  99999.00  99999.00  99999.00
2021-12-16 12:27:00.000 350      9198.62  99999.00  99999.00  99999.00
2021-12-16 12:28:00.000 350      9202.61  99999.00  99999.00  99999.00
2021-12-16 12:29:00.000 350      9188.13  99999.00  99999.00  99999.00
2021-12-16 12:30:00.000 350      9181.83  99999.00  99999.00  99999.00
2021-12-16 12:31:00.000 350      9179.13  99999.00  99999.00  99999.00
2021-12-16 12:32:00.000 350      9178.49  99999.00  99999.00  99999.00
2021-12-16 12:33:00.000 350      9185.81  99999.00  99999.00  99999.00
2021-12-16 12:34:00.000 350      9189.12  99999.00  99999.00  99999.00
2021-12-16 12:35:00.000 350      9186.01  99999.00  99999.00  99999.00
2021-12-16 12:36:00.000 350      9180.83  99999.00  99999.00  99999.00
2021-12-16 12:37:00.000 350      9181.08  99999.00  99999.00  99999.00
2021-12-16 12:38:00.000 350      9168.64  99999.00  99999.00  99999.00
2021-12-16 12:39:00.000 350      9146.13  99999.00  99999.00  99999.00
2021-12-16 12:40:00.000 350      9120.41  99999.00  99999.00  99999.00
2021-12-16 12:41:00.000 350      9117.33  99999.00  99999.00  99999.00
2021-12-16 12:42:00.000 350      9114.55  99999.00  99999.00  99999.00
2021-12-16 12:43:00.000 350      9107.94  99999.00  99999.00  99999.00
2021-12-16 12:44:00.000 350      9120.90  99999.00  99999.00  99999.00
2021-12-16 12:45:00.000 350      9136.41  99999.00  99999.00  99999.00
2021-12-16 12:46:00.000 350      9151.35  99999.00  99999.00  99999.00
2021-12-16 12:47:00.000 350      9164.21  99999.00  99999.00  99999.00
2021-12-16 12:48:00.000 350      9169.03  99999.00  99999.00  99999.00
2021-12-16 12:49:00.000 350      9183.54  99999.00  99999.00  99999.00
2021-12-16 12:50:00.000 350      9189.55  99999.00  99999.00  99999.00
2021-12-16 12:51:00.000 350      9189.06  99999.00  99999.00  99999.00
2021-12-16 12:52:00.000 350      9189.45  99999.00  99999.00  99999.00
2021-12-16 12:53:00.000 350      9186.86  99999.00  99999.00  99999.00
2021-12-16 12:54:00.000 350      9184.39  99999.00  99999.00  99999.00
2021-12-16 12:55:00.000 350      9187.08  99999.00  99999.00  99999.00
2021-12-16 12:56:00.000 350      9185.19  99999.00  99999.00  99999.00
2021-12-16 12:57:00.000 350      9186.94  99999.00  99999.00  99999.00
2021-12-16 12:58:00.000 350      9188.80  99999.00  99999.00  99999.00
2021-12-16 12:59:00.000 350      9189.27  99999.00  99999.00  99999.00
2021-12-16 13:00:00.000 350      9188.42  99999.00  99999.00  99999.00
2021-12-16 13:01:00.000 350      9188.55  99999.00  99999.00  99999.00
2021-12-16 13:02:00.000 350      9188.87  99999.00  99999.00  99999.00
2021-12-16 13:03:00.000 350      9184.50  99999.00  99999.00  99999.00
2021-12-16 13:04:00.000 350      9184.34  99999.00  99999.00  99999.00
2021-12-16 13:05:00.000 350      9186.19  99999.00  99999.00  99999.00
2021-12-16 13:06:00.000 350      9189.22  99999.00  99999.00  99999.00
2021-12-16 13:07:00.000 350      9192.36  99999.00  99999.00  99999.00
2021-12-16 13:08:00.000 350      9190.95  99999.00  99999.00  99999.00
2021-12-16 13:09:00.000 350      9189.14  99999.00  99999.00  99999.00
2021-12-16 13:10:00.000 350      9188.35  99999.00  99999.00  99999.00
2021-12-16 13:11:00.000 350      9187.74  99999.00  99999.00  99999.00
2021-12-16 13:12:00.000 350      9186.75  99999.00  99999.00  99999.00
2021-12-16 13:13:00.000 350      9185.90  99999.00  99999.00  99999.00
2021-12-16 13:14:00.000 350      9179.83  99999.00  99999.00  99999.00
2021-12-16 13:15:00.000 350      9169.25  99999.00  99999.00  99999.00
2021-12-16 13:16:00.000 350      9160.69  99999.00  99999.00  99999.00
2021-12-16 13:17:00.000 350      9153.86  99999.00  99999.00  99999.00
2021-12-16 13:18:00.000 350      9150.31  99999.00  99999.00  99999.00
2021-12-16 13:19:00.000 350      9150.54  99999.00  99999.00  99999.00
2021-12-16 13:20:00.000 350      9152.94  99999.00  99999.00  99999.00
2021-12-16 13:21:00.000 350      9153.40  99999.00  99999.00  99999.00
2021-12-16 13:22:00.000 350      9154.80  99999.00  99999.00  99999.00
2021-12-16 13:23:00.000 350      9157.27  99999.00  99999.00  99999.00
2021-12-16 13:24:00.000 350      9162.08  99999.00  99999.00  99999.00
2021-12-16 13:25:00.000 350      9167.10  99999.00  99999.00  99999.00
2021-12-16 13:26:00.000 350      9176.63  99999.00  99999.00  99999.00
2021-12-16 13:27:00.000 350      9183.66  99999.00  99999.00  99999.00
2021-12-16 13:28:00.000 350      9187.26  99999.00  99999.00  99999.00
2021-12-16 13:29:00.000 350      9190.25  99999.00  99999.00  99999.00
2021-12-16 13:30:00.000 350      9193.00  99999.00  99999.00  99999.00
2021-12-16 13:31:00.000 350      9195.19  99999.00  99999.00  99999.00
2021-12-16 13:32:00.000 350      9195.65  99999.00  99999.00  99999.00
2021-12-16 13:33:00.000 350      9193.54  99999.00  99999.00  99999.00
2021-12-16 13:34:00.000 350      9190.40  99999.00  99999.00  99999.00
2021-12-16 13:35:00.000 350      9186.74  99999.00  99999.00  99999.00
2021-12-16 13:36:00.000 350      9182.49  99999.00  99999.00  99999.00
2021-12-16 13:37:00.000 350      9176.83  99999.00  99999.00  99999.00
2021-12-16 13:38:00.000 350      9172.85  99999.00  99999.00  99999.00
2021-12-16 13:39:00.000 350      9170.73  99999.00  99999.00  99999.00
2021-12-16 13:40:00.000 350      9166.56  99999.00  99999.00  99999.00
2021-12-16 13:41:00.000 350      9164.53  99999.00  99999.00  99999.00
2021-12-16 13:42:00.000 350      9161.92  99999.00  99999.00  99999.00
2021-12-16 13:43:00.000 350      9160.13  99999.00  99999.00  99999.00
2021-12-16 13:44:00.000 350      9162.25  99999.00  99999.00  99999.00
2021-12-16 13:45:00.000 350      9167.65  99999.00  99999.00  99999.00
2021-12-16 13:46:00.000 350      9175.79  99999.00  99999.00  99999.00
2021-12-16 13:47:00.000 350      9182.44  99999.00  99999.00  99999.00
2021-12-16 13:48:00.000 350      9193.09  99999.00  99999.00  99999.00
2021-12-16 13:49:00.000 350      9202.76  99999.00  99999.00  99999.00
2021-12-16 13:50:00.000 350      9202.22  99999.00  99999.00  99999.00
2021-12-16 13:51:00.000 350      9198.85  99999.00  99999.00  99999.00
2021-12-16 13:52:00.000 350      9196.00  99999.00  99999.00  99999.00
2021-12-16 13:53:00.000 350      9193.81  99999.00  99999.00  99999.00
2021-12-16 13:54:00.000 350      9188.20  99999.00  99999.00  99999.00
2021-12-16 13:55:00.000 350      9179.35  99999.00  99999.00  99999.00
2021-12-16 13:56:00.000 350      9177.10  99999.00  99999.00  99999.00
2021-12-16 13:57:00.000 350      9182.71  99999.00  99999.00  99999.00
2021-12-16 13:58:00.000 350      9192.77  99999.00  99999.00  99999.00
2021-12-16 13:59:00.000 350      9200.49  99999.00  99999.00  99999.00
2021-12-16 14:00:00.000 350      9206.67  99999.00  99999.00  99999.00
2021-12-16 14:01:00.000 350      9207.83  99999.00  99999.00  99999.00
2021-12-16 14:02:00.000 350      9208.36  99999.00  99999.00  99999.00
2021-12-16 14:03:00.000 350      9216.41  99999.00  99999.00  99999.00
2021-12-16 14:04:00.000 350      9223.59  99999.00  99999.00  99999.00
2021-12-16 14:05:00.000 350      9226.59  99999.00  99999.00  99999.00
2021-12-16 14:06:00.000 350      9226.26  99999.00  99999.00  99999.00
2021-12-16 14:07:00.000 350      9220.10  99999.00  99999.00  99999.00
2021-12-16 14:08:00.000 350      9212.59  99999.00  99999.00  99999.00
2021-12-16 14:09:00.000 350      9207.63  99999.00  99999.00  99999.00
2021-12-16 14:10:00.000 350      9204.04  99999.00  99999.00  99999.00
2021-12-16 14:11:00.000 350      9202.34  99999.00  99999.00  99999.00
2021-12-16 14:12:00.000 350      9199.75  99999.00  99999.00  99999.00
2021-12-16 14:13:00.000 350      9195.90  99999.00  99999.00  99999.00
2021-12-16 14:14:00.000 350      9197.04  99999.00  99999.00  99999.00
2021-12-16 14:15:00.000 350      9196.13  99999.00  99999.00  99999.00
2021-12-16 14:16:00.000 350      9191.58  99999.00  99999.00  99999.00
2021-12-16 14:17:00.000 350      9190.26  99999.00  99999.00  99999.00
2021-12-16 14:18:00.000 350      9190.81  99999.00  99999.00  99999.00
2021-12-16 14:19:00.000 350      9188.48  99999.00  99999.00  99999.00
2021-12-16 14:20:00.000 350      9183.73  99999.00  99999.00  99999.00
2021-12-16 14:21:00.000 350      9177.70  99999.00  99999.00  99999.00
2021-12-16 14:22:00.000 350      9171.99  99999.00  99999.00  99999.00
2021-12-16 14:23:00.000 350      9169.73  99999.00  99999.00  99999.00
2021-12-16 14:24:00.000 350      9168.24  99999.00  99999.00  99999.00
2021-12-16 14:25:00.000 350      9168.02  99999.00  99999.00  99999.00
2021-12-16 14:26:00.000 350      9171.57  99999.00  99999.00  99999.00
2021-12-16 14:27:00.000 350      9173.85  99999.00  99999.00  99999.00
2021-12-16 14:28:00.000 350      9174.79  99999.00  99999.00  99999.00
2021-12-16 14:29:00.000 350      9172.28  99999.00  99999.00  99999.00
2021-12-16 14:30:00.000 350      9168.02  99999.00  99999.00  99999.00
2021-12-16 14:31:00.000 350      9161.86  99999.00  99999.00  99999.00
2021-12-16 14:32:00.000 350      9157.65  99999.00  99999.00  99999.00
2021-12-16 14:33:00.000 350      9155.83  99999.00  99999.00  99999.00
2021-12-16 14:34:00.000 350      9155.77  99999.00  99999.00  99999.00
2021-12-16 14:35:00.000 350      9149.59  99999.00  99999.00  99999.00
2021-12-16 14:36:00.000 350      9142.03  99999.00  99999.00  99999.00
2021-12-16 14:37:00.000 350      9134.66  99999.00  99999.00  99999.00
2021-12-16 14:38:00.000 350      9130.33  99999.00  99999.00  99999.00
2021-12-16 14:39:00.000 350      9124.95  99999.00  99999.00  99999.00
